Age,Gender,Height,Weight,BMI,BMI Category
34.0,Female,1.86,86.7,25.060700659035724,Overweight
26.0,Female,1.83,84.7,25.291886888231954,Overweight
22.0,Male,1.85,64.8,18.93352812271731,Normal
54.0,Female,1.82,75.3,22.732761743750753,Normal
34.0,Female,1.74,52.8,17.43955608402695,Underweight
38.0,Female,1.58,53.0,21.230572023714146,Normal
44.0,Female,1.81,46.5,14.193705930832392,Underweight
50.0,Female,1.63,88.5,33.309496029206976,Obese
18.0,Female,1.54,82.9,34.95530443582392,Obese
34.0,Female,1.74,65.9,21.766415642753337,Normal
39.0,Female,1.78,47.0,14.833985607877793,Underweight
46.0,Male,1.88,40.0,11.317338162064283,Underweight
19.0,Male,1.98,87.7,22.37016630956025,Normal
56.0,Female,1.73,107.4,35.88492766213372,Obese
19.0,Female,1.91,71.7,19.654066500370057,Normal
30.0,Female,1.6,90.6,35.39062499999999,Obese
23.0,Male,1.76,56.2,18.143078512396695,Underweight
39.0,Female,1.77,71.3,22.758466596444187,Normal
54.0,Female,1.56,47.7,19.600591715976332,Normal
34.503199534613145,Male,1.51,63.0,27.630367089162757,Overweight
26.0,Male,1.71,129.9,44.42392531035191,Obese
22.0,Female,1.5,102.4,45.51111111111111,Obese
36.0,Female,1.78,64.2,20.262593106930943,Normal
18.0,Male,1.5,129.4,57.51111111111111,Obese
25.0,Male,1.82,57.2,17.26844583987441,Underweight
59.0,Male,1.5,71.8,31.91111111111111,Obese
18.0,Male,1.71,112.4,38.43917786669403,Obese
18.0,Male,1.72,40.0,13.520822065981614,Underweight
25.0,Female,1.65,64.3,23.61799816345271,Normal
32.0,Male,1.74,72.4,23.913330690976352,Normal
28.0,Male,1.56,62.4,25.64102564102564,Overweight
27.0,Female,1.65,78.6,28.870523415977964,Overweight
44.0,Female,1.53,45.0,19.223375624759708,Normal
20.0,Female,1.53,103.4,44.17104532444787,Obese
51.0,Male,1.85,79.2,23.140978816654492,Normal
52.0,Female,1.84,40.0,11.814744801512287,Underweight
35.0,Male,1.61,75.7,29.204120211411595,Overweight
21.0,Male,1.75,76.8,25.077551020408162,Overweight
48.0,Female,1.69,112.6,39.424389902314346,Obese
18.0,Male,1.78,73.7,23.260951900012625,Normal
18.0,Female,1.71,84.0,28.726787729557817,Overweight
28.0,Male,1.7,68.0,23.529411764705884,Normal
23.0,Male,1.5,107.6,47.82222222222222,Obese
30.0,Female,1.82,54.3,16.392947711629027,Underweight
18.0,Female,1.89,42.8,11.981747431482882,Underweight
49.0,Female,1.65,102.4,37.61248852157944,Obese
42.0,Female,1.95,95.5,25.115055884286654,Overweight
27.0,Female,1.98,58.7,14.972961942658914,Underweight
35.0,Female,1.86,49.7,14.365822638455311,Underweight
24.0,Female,1.65,86.5,31.772268135904504,Obese
44.0,Female,1.78,63.6,20.073223077894205,Normal
52.0,Male,1.58,58.7,23.513859958340007,Normal
49.0,Female,1.75,56.6,18.481632653061226,Underweight
36.0,Female,1.71,40.0,13.679422728360864,Underweight
23.0,Female,1.73,67.7,22.6202011427044,Normal
56.0,Female,1.74,40.0,13.21178491214163,Underweight
24.0,Male,1.74,68.3,22.559122737481832,Normal
22.0,Female,1.72,99.1,33.497836668469446,Obese
20.0,Female,1.63,72.9,27.43799164439761,Overweight
44.0,Female,1.68,40.0,14.172335600907031,Underweight
33.0,Female,1.77,58.3,18.608956557821823,Normal
18.0,Male,1.64,40.0,14.872099940511603,Underweight
59.0,Male,1.5,45.8,20.355555555555554,Normal
27.0,Male,1.75,52.3,17.077551020408162,Underweight
33.0,Female,1.95,76.3,20.065746219592373,Normal
47.0,Male,1.72,77.5,26.196592752839376,Overweight
18.0,Male,1.8,67.65889929742389,20.882376326365396,Normal
46.0,Female,1.58,40.0,16.023073225444637,Underweight
27.0,Male,1.61,96.3,37.15134446973496,Obese
34.0,Female,1.52,49.6,21.46814404432133,Normal
45.0,Male,1.51,86.4,37.89307486513749,Obese
55.0,Female,1.85,68.4,19.985390796201607,Normal
18.0,Female,1.77,56.9,18.162086245970187,Underweight
41.0,Female,1.94,51.1,13.577425868848975,Underweight
24.0,Male,1.51,47.6,20.876277356256306,Normal
26.0,Female,1.7,88.8,30.72664359861592,Obese
29.0,Male,1.7,96.7,33.46020761245675,Obese
43.0,Male,1.71,112.0,38.30238363941042,Obese
48.0,Male,1.72,75.2,25.419145484045433,Overweight
29.0,Female,1.66,72.0,26.1286108288576,Overweight
57.0,Female,1.87,63.6,18.187537533243727,Underweight
22.0,Female,1.56,75.7,31.10618014464168,Obese
20.0,Male,1.62,59.1,22.51943301326017,Normal
39.0,Female,1.76,41.3,13.332902892561982,Underweight
41.0,Male,1.77,40.0,12.767723195761114,Underweight
41.0,Female,1.93,63.7,17.101130231684074,Underweight
31.0,Female,1.75,100.0,32.6530612244898,Obese
20.0,Male,1.68,45.0,15.94387755102041,Underweight
26.0,Male,1.61,47.1,18.170595270244203,Underweight
37.0,Female,1.83,72.1,21.529457433784223,Normal
59.0,Male,1.81,57.5,17.551356796190593,Underweight
22.0,Male,1.85,54.3,15.865595325054782,Underweight
25.0,Male,1.67,63.9,22.912259313707914,Normal
32.0,Male,2.0,56.6,14.15,Underweight
37.0,Female,1.65,68.9,25.30762167125804,Overweight
29.0,Female,1.72,95.3,32.213358572201194,Obese
30.0,Female,2.0,96.3,24.075,Normal
28.0,Male,1.74,84.4,27.876866164618843,Overweight
33.0,Male,1.54,60.5,25.510204081632654,Overweight
48.0,Female,1.69,49.8,17.436364272959633,Underweight
32.0,Male,1.81,47.2,14.407374622264278,Underweight
49.0,Male,1.84,45.0,13.291587901701323,Underweight
53.0,Male,1.84,87.7,25.90382797731569,Overweight
54.0,Female,1.85,46.1,13.469685902118334,Underweight
18.0,Female,1.82,69.8,21.072334259147443,Normal
18.0,Male,1.77,79.2,25.280091927607007,Overweight
29.0,Male,1.76,60.6,19.56353305785124,Normal
22.0,Female,1.73,53.3,17.8088141935915,Underweight
20.0,Male,1.85,95.7,27.962016070124175,Overweight
29.0,Female,1.74,57.4,18.958911348923237,Normal
47.0,Male,1.9,87.3,24.182825484764543,Normal
20.0,Female,1.75,67.65889929742389,22.092701811403717,Normal
18.0,Male,1.66,79.2,28.74147191174336,Overweight
18.0,Male,1.75,73.8,24.097959183673467,Normal
33.0,Female,1.76,66.3,21.4036673553719,Normal
27.0,Male,1.82,72.8,21.978021978021975,Normal
38.0,Male,1.75,50.0,16.3265306122449,Underweight
29.0,Female,1.85,93.5,27.319211102994885,Overweight
54.0,Male,1.94,84.0,22.31905622276544,Normal
37.0,Female,1.73,55.3,18.47706238096829,Underweight
21.0,Male,1.85,66.6,19.459459459459456,Normal
26.0,Female,1.6,59.8,23.359374999999993,Normal
42.0,Female,1.94,80.3,21.335954936762676,Normal
31.0,Female,1.7,129.9,44.94809688581316,Obese
50.0,Female,1.75,40.0,13.061224489795919,Underweight
51.0,Female,1.72,91.7,30.99648458626285,Obese
18.0,Male,1.82,64.8,19.56285472768989,Normal
54.0,Male,1.63,60.1,22.620347020964285,Normal
38.0,Female,1.738860833822666,59.0,19.51292433968092,Normal
37.0,Male,1.69,46.3,16.210916984699416,Underweight
21.0,Male,1.69,66.9,23.4235495956024,Normal
19.0,Female,1.93,40.0,10.738543316599104,Underweight
32.0,Female,1.6,79.0,30.859374999999993,Obese
36.0,Female,1.85,50.1,14.638422205989773,Underweight
23.0,Male,1.77,71.3,22.758466596444187,Normal
39.0,Female,1.61,66.8,25.770610701747614,Overweight
45.0,Male,1.68,53.9,19.097222222222225,Normal
33.0,Female,1.86,97.1,28.066828535090757,Overweight
27.0,Female,1.57,40.0,16.227838857560144,Underweight
37.0,Male,1.85,62.1,18.14463111760409,Underweight
28.0,Male,1.73,60.7,20.281332486885628,Normal
18.0,Male,1.84,46.9,13.852788279773156,Underweight
18.0,Female,1.66,90.8,32.95108143417042,Obese
24.0,Female,1.79,44.0,13.73240535563809,Underweight
27.0,Female,1.86,75.1,21.707711874205106,Normal
23.0,Female,1.71,74.2,25.375329161109406,Overweight
23.0,Female,1.85,58.2,17.005113221329438,Underweight
25.0,Female,1.738860833822666,65.9,21.794944304830047,Normal
23.0,Female,1.68,78.7,27.884070294784586,Overweight
43.0,Male,1.76,74.2,23.954028925619838,Normal
18.0,Male,2.0,56.1,14.025,Underweight
45.0,Female,1.86,42.1,12.169036882876632,Underweight
18.0,Male,1.73,40.0,13.364963747535834,Underweight
18.0,Male,1.85,40.0,11.68736303871439,Underweight
20.0,Male,1.81,67.65889929742389,20.652269252288967,Normal
22.0,Female,1.75,40.0,13.061224489795919,Underweight
28.0,Female,1.99,107.7,27.19628292214843,Overweight
18.0,Female,1.8,40.0,12.345679012345679,Underweight
57.0,Female,1.81,70.0,21.36686914318855,Normal
55.0,Female,1.59,63.2,24.99901111506665,Overweight
50.0,Male,1.71,69.6,23.802195547347903,Normal
32.0,Male,1.76,57.0,18.401342975206614,Underweight
20.0,Female,1.87,75.8,21.676341902828216,Normal
18.0,Male,1.6,54.7,21.367187499999996,Normal
30.0,Male,1.69,62.2,21.777948951367254,Normal
18.0,Male,2.0,97.5,24.375,Normal
31.0,Female,1.56,51.0,20.956607495069033,Normal
18.0,Male,1.89,50.6,14.165336916659669,Underweight
31.0,Female,1.81,71.0,21.672110130948383,Normal
28.0,Female,1.74,70.0,23.120623596247853,Normal
23.0,Male,1.87,57.8,16.52892561983471,Underweight
48.0,Male,1.61,67.3,25.963504494425365,Overweight
52.0,Female,1.78,73.5,23.197828557000378,Normal
18.0,Male,1.52,94.7,40.98857340720222,Obese
47.0,Male,1.89,40.0,11.197894795778394,Underweight
54.0,Female,1.51,63.5,27.849655716854524,Overweight
22.0,Female,1.71,60.1,20.5533326493622,Normal
43.0,Male,1.62,70.4,26.825179088553572,Overweight
31.0,Male,1.77,40.0,12.767723195761114,Underweight
48.0,Male,1.5,55.5,24.666666666666668,Normal
51.0,Male,1.738860833822666,75.7,25.036074110404165,Overweight
23.0,Female,1.5,95.6,42.48888888888889,Obese
43.0,Male,1.79,102.5,31.990262476202368,Obese
50.0,Male,1.96,56.6,14.733444398167432,Underweight
30.0,Male,1.67,40.0,14.342572340349243,Underweight
25.0,Female,1.66,74.9,27.181013209464368,Overweight
19.0,Female,1.79,82.8,25.84189007833713,Overweight
45.0,Female,1.93,40.0,10.738543316599104,Underweight
41.0,Female,1.71,73.3,25.067542149721284,Overweight
53.0,Male,1.98,55.3,14.105703499642892,Underweight
35.0,Male,1.69,95.9,33.5772556983299,Obese
33.0,Male,1.62,89.6,34.14113702179545,Obese
21.0,Male,1.86,86.3,24.94508035611053,Overweight
27.0,Female,1.738860833822666,71.3,23.580872973207622,Normal
33.0,Male,1.82,42.7,12.890955198647505,Underweight
33.0,Female,1.72,103.3,34.91752298539752,Obese
33.0,Male,1.72,76.8,25.959978366684695,Overweight
23.0,Female,1.63,69.1,26.007753396815836,Overweight
30.0,Male,1.82,75.6,22.823330515638204,Normal
18.0,Female,1.74,42.0,13.87237415774871,Underweight
56.0,Male,1.5,62.9,27.955555555555556,Overweight
22.0,Female,1.76,53.5,17.271435950413224,Underweight
21.0,Female,1.75,90.7,29.616326530612245,Overweight
21.0,Male,1.59,74.7,29.547881808472763,Overweight
50.0,Male,1.71,82.6,28.248007934065182,Overweight
27.0,Male,1.76,40.0,12.913223140495868,Underweight
27.0,Female,1.58,70.1,28.080435827591725,Overweight
29.0,Female,1.7,40.2,13.910034602076127,Underweight
19.0,Female,1.79,76.4,23.844449299335228,Normal
39.0,Male,1.59,78.5,31.05098690716348,Obese
26.0,Male,1.97,61.0,15.718003555876214,Underweight
20.0,Female,1.6,82.6,32.26562499999999,Obese
34.0,Male,1.5,91.2,40.53333333333333,Obese
18.0,Male,1.61,64.2,24.767562979823307,Normal
23.0,Male,1.65,46.7,17.153351698806247,Underweight
28.0,Female,1.5,74.2,32.97777777777778,Obese
18.0,Female,1.51,64.0,28.068944344546292,Overweight
32.0,Male,1.61,52.8,20.36958450677057,Normal
26.0,Male,1.77,67.65889929742389,21.596252448984607,Normal
47.0,Male,1.73,40.0,13.364963747535834,Underweight
26.0,Female,1.87,85.8,24.536017615602386,Normal
19.0,Male,1.59,40.0,15.822158933586486,Underweight
26.0,Female,1.738860833822666,86.6,28.64100420027742,Overweight
39.0,Male,1.58,70.7,28.3207819259734,Overweight
37.0,Female,1.59,40.0,15.822158933586486,Underweight
19.0,Female,1.73,66.7,22.286077049016004,Normal
39.0,Female,1.52,72.1,31.20671745152354,Obese
53.0,Male,1.64,80.5,29.9301011302796,Obese
41.0,Male,1.5,77.0,34.22222222222222,Obese
23.0,Male,1.88,117.8,33.329560887279314,Obese
31.0,Female,1.64,76.2,28.331350386674604,Overweight
50.0,Female,1.72,57.3,19.36857760951866,Normal
22.0,Female,1.72,103.1,34.84991887506761,Obese
29.0,Female,1.69,77.4,27.099891460383045,Overweight
18.0,Male,1.78,84.1,26.54336573664941,Overweight
29.0,Male,1.86,40.0,11.562030292519365,Underweight
42.0,Male,1.6,66.0,25.781249999999996,Overweight
51.0,Female,1.77,84.6,27.003734559034758,Overweight
51.0,Male,1.75,100.7,32.881632653061224,Obese
22.0,Male,2.0,58.6,14.65,Underweight
21.0,Female,1.74,57.4,18.958911348923237,Normal
21.0,Male,1.54,69.5,29.305110473941642,Overweight
26.0,Female,1.91,42.2,11.567665360050439,Underweight
18.0,Male,1.6,61.3,23.945312499999993,Normal
18.0,Male,1.62,66.6,25.37722908093278,Overweight
37.0,Female,1.7,94.4,32.6643598615917,Obese
45.0,Male,1.73,111.9,37.3884860837315,Obese
18.0,Female,1.79,92.0,28.71321119815237,Overweight
18.0,Female,1.76,67.65889929742389,21.842361601699345,Normal
51.0,Male,1.82,61.1,18.445839874411302,Underweight
18.0,Female,1.82,96.0,28.982007003985025,Overweight
27.0,Female,1.67,89.7,32.16321847323318,Obese
34.0,Female,1.69,61.0,21.35779559539232,Normal
31.0,Female,1.57,75.6,30.67061544078867,Obese
23.0,Female,1.76,40.0,12.913223140495868,Underweight
19.0,Female,1.85,90.6,26.47187728268809,Overweight
47.0,Female,1.67,90.8,32.557639212592775,Obese
33.0,Female,1.69,129.9,45.48160078428627,Obese
50.0,Female,1.738860833822666,69.3,22.919417910845556,Normal
19.0,Female,1.77,40.0,12.767723195761114,Underweight
27.0,Male,1.79,112.6,35.14247370556475,Obese
49.0,Male,1.64,54.2,20.151695419393224,Normal
46.0,Male,1.86,108.9,31.477627471383972,Obese
52.0,Male,1.6,40.0,15.624999999999996,Underweight
26.0,Male,1.8,43.2,13.333333333333334,Underweight
18.0,Female,1.74,61.1,20.18100145329634,Normal
38.0,Male,1.77,85.5,27.291008330939384,Overweight
18.0,Female,1.8,50.1,15.462962962962962,Underweight
45.0,Male,1.75,129.9,42.416326530612245,Obese
47.0,Female,1.73,93.3,31.173777941127334,Obese
45.0,Female,1.7,73.7,25.50173010380623,Overweight
55.0,Female,1.56,69.4,28.51742274819198,Overweight
18.0,Male,2.0,86.1,21.525,Normal
20.0,Female,1.5,67.65889929742389,30.07062190996617,Obese
18.0,Female,1.77,40.0,12.767723195761114,Underweight
46.0,Female,1.71,40.8,13.953011182928082,Underweight
43.0,Male,1.8,56.4,17.407407407407405,Underweight
45.0,Female,1.63,60.7,22.84617411268772,Normal
43.0,Female,1.69,40.0,14.00511186583103,Underweight
29.0,Female,1.67,84.4,30.2628276381369,Obese
18.0,Female,1.71,67.5,23.08402585410896,Normal
21.0,Female,1.68,62.1,22.002551020408166,Normal
41.0,Male,1.92,83.7,22.705078125,Normal
26.0,Female,1.86,80.6,23.297491039426518,Normal
33.0,Male,1.78,60.8,19.18949627572276,Normal
18.0,Male,1.81,44.8,13.67479625164067,Underweight
21.0,Male,1.91,62.3,17.077382747183464,Underweight
49.0,Female,1.67,97.4,34.92416364875041,Obese
19.0,Male,1.78,51.4,16.222699154147204,Underweight
31.0,Male,1.74,79.1,26.12630466376007,Overweight
43.0,Male,2.0,57.5,14.375,Underweight
43.0,Female,1.71,70.6,24.144181115556925,Normal
18.0,Female,1.79,72.5,22.627258824630943,Normal
44.0,Female,1.66,68.0,24.677021338365513,Normal
21.0,Female,1.78,121.6,38.37899255144552,Obese
44.0,Male,1.9,55.1,15.263157894736842,Underweight
58.0,Female,1.72,51.2,17.306652244456465,Underweight
35.0,Female,1.64,60.8,22.605591909577637,Normal
18.0,Male,1.96,49.8,12.963348604748022,Underweight
26.0,Female,1.75,64.7,21.1265306122449,Normal
24.0,Female,1.87,58.5,16.7291029197289,Underweight
31.0,Female,1.7,49.1,16.989619377162633,Underweight
39.0,Female,1.59,67.8,26.818559392429094,Overweight
22.0,Male,1.69,43.3,15.16053359476209,Underweight
44.0,Female,1.74,40.8,13.476020610384461,Underweight
18.0,Male,1.69,71.5,25.034137460172968,Overweight
50.0,Male,1.51,41.1,18.025525196263324,Underweight
27.0,Male,1.6,52.3,20.429687499999996,Normal
28.0,Male,1.76,73.2,23.63119834710744,Normal
41.0,Female,1.67,117.7,42.203019111477644,Obese
31.0,Male,1.74,63.8,21.0727969348659,Normal
31.0,Male,1.71,62.1,21.23730378578024,Normal
18.0,Male,1.66,52.0,18.870663376397157,Normal
25.0,Female,1.5,73.3,32.577777777777776,Obese
18.0,Male,1.83,50.0,14.930275612887812,Underweight
34.0,Male,1.74,90.0,29.72651605231867,Overweight
39.0,Male,1.84,109.6,32.37240075614366,Obese
18.0,Male,1.77,43.5,13.884898975390213,Underweight
20.0,Male,1.73,115.4,38.557920411640886,Obese
22.0,Male,1.91,47.4,12.993064883089827,Underweight
18.0,Male,1.66,54.6,19.814196545217015,Normal
36.0,Male,2.0,40.0,10.0,Underweight
26.0,Female,2.0,71.2,17.8,Underweight
53.0,Female,1.7,46.4,16.05536332179931,Underweight
18.0,Female,1.78,69.9,22.06160838277995,Normal
20.0,Male,1.69,64.9,22.723294002310848,Normal
43.0,Female,1.65,47.6,17.483930211202942,Underweight
23.0,Male,1.7,48.9,16.920415224913498,Underweight
51.0,Female,1.91,72.2,19.791124146816152,Normal
54.0,Female,1.94,79.8,21.203103411627165,Normal
22.0,Male,1.71,62.8,21.476693683526555,Normal
26.0,Female,1.738860833822666,122.7,40.5802680759127,Obese
23.0,Female,1.86,52.4,15.146259683200368,Underweight
34.0,Female,1.56,88.8,36.489151873767256,Obese
29.0,Female,1.9,101.5,28.11634349030471,Overweight
18.0,Male,1.72,40.0,13.520822065981614,Underweight
24.0,Male,2.0,40.0,10.0,Underweight
34.503199534613145,Male,1.76,50.5,16.302944214876035,Underweight
41.0,Female,1.83,66.2,19.767684911463466,Normal
37.0,Female,1.5,77.5,34.44444444444444,Obese
30.0,Female,1.72,119.6,40.427257977285024,Obese
38.0,Male,1.5,40.0,17.77777777777778,Underweight
18.0,Male,1.74,82.3,27.183247456731404,Overweight
54.0,Male,1.7,71.2,24.636678200692046,Normal
34.0,Male,1.92,53.0,14.37717013888889,Underweight
56.0,Female,1.96,45.7,11.896084964598085,Underweight
18.0,Female,1.75,79.6,25.991836734693877,Overweight
42.0,Female,1.67,105.3,37.75682168596938,Obese
31.0,Male,1.56,84.5,34.72222222222222,Obese
50.0,Male,1.54,98.6,41.57530780907404,Obese
27.0,Male,1.72,55.4,18.726338561384534,Normal
41.0,Female,1.77,40.0,12.767723195761114,Underweight
26.0,Female,1.75,63.9,20.865306122448978,Normal
47.0,Male,1.91,40.0,10.964611715687619,Underweight
31.0,Female,2.0,40.0,10.0,Underweight
27.0,Male,1.5,91.9,40.84444444444445,Obese
20.0,Female,1.69,42.4,14.845418577780892,Underweight
21.0,Male,1.52,76.8,33.24099722991689,Obese
47.0,Female,1.66,70.7,25.656844244447672,Overweight
33.0,Male,1.88,40.0,11.317338162064283,Underweight
59.0,Male,1.56,40.0,16.43655489809336,Underweight
43.0,Male,1.67,46.8,16.780809638208613,Underweight
27.0,Male,1.75,100.7,32.881632653061224,Obese
44.0,Female,1.59,73.4,29.033661643131204,Overweight
22.0,Male,1.83,63.4,18.931589477141745,Normal
19.0,Female,1.71,129.9,44.42392531035191,Obese
24.0,Female,1.73,48.3,16.13819372514952,Underweight
45.0,Female,1.89,80.5,22.535763276504017,Normal
35.0,Female,1.51,42.9,18.814964255953686,Normal
18.0,Male,1.88,74.6,21.106835672249886,Normal
21.0,Male,1.93,66.7,17.906520980429008,Underweight
31.0,Female,1.6,55.0,21.484374999999996,Normal
27.0,Female,1.77,52.3,16.693798078457657,Underweight
46.0,Male,1.75,65.7,21.453061224489797,Normal
53.0,Female,1.61,84.7,32.67620847961113,Obese
18.0,Female,1.85,63.4,18.524470416362306,Normal
48.0,Female,1.71,61.8,21.134708115317533,Normal
25.0,Male,1.9,44.2,12.243767313019392,Underweight
18.0,Female,1.75,43.1,14.073469387755102,Underweight
18.0,Male,1.59,92.1,36.43052094458288,Obese
31.0,Male,1.66,58.7,21.302075772971406,Normal
44.0,Female,1.67,59.4,21.298719925418624,Normal
59.0,Female,1.84,44.5,13.143903591682419,Underweight
44.0,Female,2.0,84.8,21.2,Normal
57.0,Female,1.79,80.0,24.968009737523797,Overweight
20.0,Male,1.91,87.1,23.875442010909786,Normal
27.0,Male,1.76,56.4,18.207644628099175,Underweight
32.0,Male,2.0,58.4,14.6,Underweight
42.0,Female,1.75,68.5,22.367346938775512,Normal
48.0,Female,1.76,77.7,25.083935950413224,Overweight
55.0,Female,1.58,67.1,26.878705335683378,Overweight
31.0,Female,1.8,55.7,17.191358024691358,Underweight
39.0,Female,1.74,63.2,20.874620161183778,Normal
40.0,Female,1.55,64.6,26.888657648283033,Overweight
35.0,Male,1.738860833822666,55.0,18.19001421495679,Underweight
36.0,Female,1.66,71.9,26.092321091595302,Overweight
26.0,Female,1.73,56.7,18.944836112132045,Normal
48.0,Male,1.7,56.0,19.377162629757787,Normal
54.0,Female,1.69,74.9,26.224571968768604,Overweight
55.0,Female,1.68,67.65889929742389,23.972115680776607,Normal
18.0,Female,1.95,43.0,11.308349769888233,Underweight
59.0,Male,1.77,70.2,22.407354208560758,Normal
23.0,Male,1.8,96.5,29.78395061728395,Overweight
30.0,Male,2.0,56.6,14.15,Underweight
38.0,Female,1.88,40.0,11.317338162064283,Underweight
18.0,Male,1.59,101.2,40.03006210197381,Obese
48.0,Female,1.8,81.9,25.27777777777778,Overweight
47.0,Male,1.61,121.4,46.834612862158096,Obese
21.0,Female,1.84,70.5,20.823487712665404,Normal
23.0,Female,1.65,70.5,25.895316804407717,Overweight
46.0,Male,1.69,54.8,19.18700325618851,Normal
42.0,Male,1.9,72.0,19.94459833795014,Normal
29.0,Male,1.81,56.3,17.18506761087879,Underweight
18.0,Male,1.54,46.5,19.607016360263113,Normal
47.0,Female,1.88,51.4,14.542779538252603,Underweight
43.0,Male,1.62,42.6,16.232281664380427,Underweight
18.0,Male,1.78,73.0,23.04002019946976,Normal
50.0,Male,1.68,87.9,31.143707482993204,Obese
35.0,Male,1.67,53.0,19.003908350962746,Normal
43.0,Female,1.61,46.3,17.861965201959798,Underweight
50.0,Male,1.9,82.8,22.93628808864266,Normal
53.0,Female,1.6,82.9,32.38281249999999,Obese
18.0,Female,1.54,71.9,30.31708551189071,Obese
27.0,Male,1.82,41.0,12.377732157951938,Underweight
18.0,Female,1.79,81.9,25.56099996878999,Overweight
18.0,Male,1.69,67.7,23.703651832919018,Normal
22.0,Female,1.79,99.5,31.053962111045223,Obese
31.0,Female,1.73,47.4,15.837482040829963,Underweight
18.0,Male,1.84,71.1,21.000708884688088,Normal
22.0,Male,1.79,89.8,28.026590930370464,Overweight
28.0,Female,1.81,81.7,24.938188699978635,Overweight
40.0,Male,1.68,40.4,14.314058956916101,Underweight
56.0,Male,1.63,40.0,15.05513944822914,Underweight
41.0,Male,1.76,40.2,12.97778925619835,Underweight
47.0,Male,1.74,49.9,16.481701677896684,Underweight
42.0,Male,1.84,41.9,12.37594517958412,Underweight
26.0,Male,1.72,40.0,13.520822065981614,Underweight
18.0,Male,1.75,47.3,15.444897959183672,Underweight
54.0,Male,1.87,79.6,22.7630186736824,Normal
19.0,Female,1.84,76.6,22.625236294896027,Normal
32.0,Female,1.65,69.5,25.528007346189167,Overweight
46.0,Female,1.63,68.6,25.819564153712975,Overweight
46.0,Male,2.0,73.0,18.25,Underweight
52.0,Female,1.71,40.8,13.953011182928082,Underweight
19.0,Male,1.6,42.1,16.445312499999996,Underweight
34.0,Male,1.82,40.0,12.075836251660427,Underweight
18.0,Female,1.71,67.1,22.94723162682535,Normal
53.0,Male,1.68,67.2,23.809523809523814,Normal
29.0,Male,2.0,72.1,18.025,Underweight
49.0,Female,1.87,62.0,17.72998941919986,Underweight
52.0,Male,1.84,71.3,21.05978260869565,Normal
21.0,Male,1.57,51.9,21.055620917684287,Normal
33.0,Male,1.59,92.8,36.70740872592065,Obese
58.0,Female,1.7,40.0,13.84083044982699,Underweight
36.0,Female,1.79,44.9,14.013295465185232,Underweight
33.0,Male,1.7,78.6,27.197231833910035,Overweight
42.0,Female,1.69,54.0,18.906901018871892,Normal
29.0,Male,1.66,53.8,19.523878647118597,Normal
26.0,Female,1.58,91.7,36.732895369331835,Obese
44.0,Male,1.88,63.3,17.90968764146673,Underweight
42.0,Female,1.73,98.1,32.77757359083163,Obese
39.0,Male,1.81,129.9,39.65080431000275,Obese
32.0,Male,1.5,87.2,38.75555555555556,Obese
31.0,Male,1.71,64.8,22.1606648199446,Normal
48.0,Male,1.8,51.6,15.925925925925926,Underweight
21.0,Male,1.85,69.4,20.277574872169467,Normal
38.0,Female,1.54,77.4,32.636194973857314,Obese
58.0,Female,1.56,76.3,31.352728468113078,Obese
42.0,Female,1.94,82.3,21.867361037304708,Normal
40.0,Female,1.84,95.5,28.207703213610586,Overweight
19.0,Male,1.7,60.7,21.00346020761246,Normal
34.0,Male,1.88,40.0,11.317338162064283,Underweight
37.0,Female,1.84,63.1,18.637759924385634,Normal
51.0,Female,1.5,55.7,24.755555555555556,Normal
52.0,Male,1.55,53.1,22.10197710718002,Normal
52.0,Female,1.82,65.8,19.8647506339814,Normal
18.0,Female,1.72,67.65889929742389,22.87009846451592,Normal
35.0,Female,1.71,40.4,13.816216955644473,Underweight
45.0,Male,1.75,40.0,13.061224489795919,Underweight
31.0,Male,2.0,40.0,10.0,Underweight
27.0,Male,1.68,40.0,14.172335600907031,Underweight
27.0,Female,1.94,60.1,15.96875332128813,Underweight
18.0,Male,1.89,73.0,20.43615800229557,Normal
35.0,Female,1.65,127.6,46.86868686868687,Obese
49.0,Female,1.72,67.65889929742389,22.87009846451592,Normal
19.0,Female,1.7,43.6,15.08650519031142,Underweight
24.0,Male,1.71,54.0,18.467220683287167,Underweight
44.0,Male,1.64,53.1,19.742712671029153,Normal
21.0,Female,1.88,87.8,24.8415572657311,Normal
42.0,Male,1.91,67.4,18.475370740933638,Underweight
38.0,Male,2.0,82.7,20.675,Normal
33.0,Male,1.7,84.0,29.065743944636683,Overweight
18.0,Female,1.87,58.4,16.700506162601158,Underweight
48.0,Male,1.79,63.8,19.911987765675228,Normal
45.0,Male,1.69,94.6,33.122089562690384,Obese
21.0,Female,1.58,40.0,16.023073225444637,Underweight
59.0,Female,1.73,71.1,23.756223061244942,Normal
36.0,Female,1.77,55.0,17.555619394171533,Underweight
33.0,Female,1.88,76.3,21.58782254413762,Normal
22.0,Female,1.72,48.6,16.427798810167662,Underweight
42.0,Male,1.73,57.3,19.14531056834508,Normal
36.0,Female,1.76,55.9,18.046229338842974,Underweight
41.0,Male,2.0,73.2,18.3,Underweight
23.0,Male,1.69,58.7,20.552501663107037,Normal
24.0,Female,1.82,91.8,27.71404419756068,Overweight
42.0,Female,1.72,47.7,16.123580313683075,Underweight
55.0,Female,1.64,51.9,19.296549672813804,Normal
36.0,Male,1.78,60.1,18.9685645751799,Normal
18.0,Female,1.56,40.0,16.43655489809336,Underweight
23.0,Female,2.0,64.7,16.175,Underweight
24.0,Male,1.61,73.0,28.162493730951734,Overweight
41.0,Male,1.76,90.3,29.15160123966942,Overweight
48.0,Female,1.63,79.1,29.77153825887312,Overweight
47.0,Female,1.72,82.2,27.785289345592215,Overweight
54.0,Male,1.79,40.0,12.484004868761899,Underweight
33.0,Female,1.57,60.7,24.62574546634752,Normal
50.0,Female,1.54,76.4,32.214538708045204,Obese
49.0,Female,1.67,95.6,34.278747893434684,Obese
25.0,Female,1.98,85.1,21.706968676665646,Normal
34.0,Female,1.71,72.9,24.93074792243768,Overweight
30.0,Female,1.63,42.2,15.883172117881744,Underweight
49.0,Male,1.76,40.0,12.913223140495868,Underweight
18.0,Male,1.58,51.8,20.749879826950806,Normal
31.0,Male,1.738860833822666,91.5,30.26156910306448,Obese
22.0,Male,2.0,64.6,16.15,Underweight
47.0,Male,1.79,66.5,20.754658094316657,Normal
54.0,Male,1.8,55.2,17.037037037037038,Underweight
49.0,Female,1.83,105.3,31.44316044074173,Obese
18.0,Male,1.76,74.1,23.921745867768593,Normal
46.0,Female,1.75,40.0,13.061224489795919,Underweight
18.0,Male,1.76,91.1,29.409865702479337,Overweight
21.0,Female,1.64,49.2,18.292682926829272,Underweight
44.0,Female,1.77,87.8,28.025152414695647,Overweight
48.0,Female,1.77,40.0,12.767723195761114,Underweight
48.0,Female,1.92,60.0,16.276041666666668,Underweight
21.0,Male,1.54,56.1,23.65491651205937,Normal
51.0,Female,1.73,46.2,15.43653312840389,Underweight
36.0,Male,1.91,68.2,18.69466297524739,Normal
44.0,Male,1.68,56.1,19.876700680272112,Normal
24.0,Male,1.93,51.7,13.879567236704343,Underweight
51.0,Male,1.62,65.8,25.072397500381033,Overweight
32.0,Female,1.88,40.0,11.317338162064283,Underweight
45.0,Male,1.61,59.5,22.954361328652443,Normal
58.0,Male,1.93,73.5,19.732073344250853,Normal
21.0,Male,1.56,54.7,22.47698882314267,Normal
18.0,Female,1.73,52.1,17.407865281165424,Underweight
59.0,Female,1.92,60.6,16.438802083333336,Underweight
20.0,Female,1.79,104.3,32.55204269529665,Obese
39.0,Female,1.61,65.3,25.19192932371436,Overweight
52.0,Male,1.79,47.8,14.918385818170469,Underweight
18.0,Female,1.83,51.1,15.258741676371343,Underweight
34.0,Male,1.87,62.5,17.87297320483857,Underweight
59.0,Female,1.56,57.4,23.58645627876397,Normal
37.0,Male,1.55,108.7,45.24453694068678,Obese
41.0,Female,1.6,40.0,15.624999999999996,Underweight
53.0,Female,1.72,65.2,22.03893996755003,Normal
23.0,Male,1.58,90.0,36.05191475725044,Obese
28.0,Female,1.68,91.6,32.4546485260771,Obese
48.0,Female,1.69,84.1,29.445747697909738,Overweight
43.0,Female,1.57,57.8,23.44922714917441,Normal
55.0,Female,1.63,100.0,37.63784862057285,Obese
30.0,Female,1.55,61.9,25.76482830385015,Overweight
19.0,Male,1.64,58.6,21.787626412849498,Normal
21.0,Male,1.8,80.8,24.93827160493827,Overweight
21.0,Female,1.81,42.7,13.033790177345015,Underweight
29.0,Male,1.86,60.9,17.603191120360734,Underweight
40.0,Male,1.7,78.8,27.26643598615917,Overweight
37.0,Female,1.69,85.3,29.86590105388467,Overweight
47.0,Female,1.58,84.8,33.96891523794263,Obese
50.0,Female,1.74,72.7,24.012419077817412,Normal
43.0,Male,1.69,57.4,20.09733552746753,Normal
33.0,Male,1.81,40.0,12.209639510393455,Underweight
33.0,Female,1.56,129.9,53.37771203155818,Obese
50.0,Male,1.5,55.0,24.444444444444443,Normal
45.0,Male,1.7,67.65889929742389,23.411383839939063,Normal
18.0,Male,1.94,41.6,11.053246891274313,Underweight
43.0,Male,1.68,56.9,20.160147392290252,Normal
20.0,Female,1.74,84.8,28.008984013740253,Overweight
24.0,Female,1.88,96.9,27.416251697600728,Overweight
24.0,Male,1.56,81.2,33.36620644312952,Obese
53.0,Female,1.9,70.5,19.52908587257618,Normal
38.0,Male,1.72,58.7,19.841806381828018,Normal
26.0,Male,1.65,62.0,22.77318640955005,Normal
18.0,Male,1.74,100.6,33.227639054036196,Obese
33.0,Female,1.71,63.0,21.545090797168363,Normal
45.0,Male,1.82,52.7,15.909914261562612,Underweight
29.0,Male,1.71,79.4,27.153654115796318,Overweight
57.0,Female,1.86,57.6,16.649323621227886,Underweight
37.0,Male,1.97,108.5,27.957432554304415,Overweight
52.0,Female,1.61,75.7,29.204120211411595,Overweight
34.0,Female,1.75,73.9,24.13061224489796,Normal
57.0,Male,1.78,67.9,21.430374952657495,Normal
36.0,Male,1.63,72.8,27.400353795777033,Overweight
34.0,Female,1.7,57.6,19.93079584775087,Normal
48.0,Female,1.74,49.3,16.28352490421456,Underweight
18.0,Male,1.85,41.6,12.154857560262965,Underweight
33.0,Male,1.87,65.6,18.75947267579856,Normal
35.0,Female,1.81,47.5,14.498946918592228,Underweight
43.0,Female,1.79,73.6,22.97056895852189,Normal
49.0,Female,1.6,56.0,21.874999999999996,Normal
48.0,Female,1.66,40.0,14.51589490492089,Underweight
44.0,Female,1.88,88.2,24.954730647351745,Overweight
27.0,Female,1.67,55.8,20.007888414787192,Normal
41.0,Male,1.75,73.2,23.902040816326533,Normal
44.0,Male,1.72,40.0,13.520822065981614,Underweight
54.0,Male,1.96,58.5,15.228029987505208,Underweight
45.0,Female,1.55,57.5,23.933402705515086,Normal
24.0,Female,1.73,55.6,18.57729960907481,Normal
55.0,Female,1.83,67.65889929742389,20.203320283503203,Normal
32.0,Female,1.79,42.4,13.233045160887613,Underweight
33.0,Female,1.69,77.0,26.959840341724732,Overweight
28.0,Female,1.69,74.7,26.15454640943945,Overweight
59.0,Male,1.68,65.1,23.065476190476193,Normal
21.0,Female,1.8,40.0,12.345679012345679,Underweight
23.0,Male,1.58,64.3,25.757090209902255,Overweight
20.0,Female,1.6,43.6,17.031249999999996,Underweight
21.0,Male,1.62,100.4,38.25636335924401,Obese
48.0,Female,1.88,73.8,20.8804889090086,Normal
23.0,Male,1.74,52.3,17.27440877262518,Underweight
51.0,Male,1.71,57.3,19.59577305837694,Normal
30.0,Male,1.64,70.7,26.28643664485426,Overweight
20.0,Male,2.0,92.8,23.2,Normal
18.0,Male,1.75,56.2,18.351020408163265,Underweight
24.0,Female,1.74,65.3,21.56823886907121,Normal
37.0,Male,1.76,60.2,19.434400826446282,Normal
54.0,Female,1.67,56.6,20.294739861594177,Normal
30.0,Female,1.83,40.0,11.944220490310249,Underweight
34.0,Male,1.8,63.8,19.691358024691358,Normal
42.0,Female,1.7,58.4,20.207612456747405,Normal
43.0,Female,1.82,43.9,13.253230286197319,Underweight
24.0,Male,1.71,46.0,15.731336137614994,Underweight
37.0,Female,1.89,58.0,16.23694745387867,Underweight
55.0,Female,1.85,91.1,26.61796932067202,Overweight
43.0,Female,1.55,40.0,16.649323621227886,Underweight
59.0,Male,1.738860833822666,40.0,13.229101247241303,Underweight
49.0,Female,1.89,40.0,11.197894795778394,Underweight
27.0,Female,1.73,96.8,32.34321226903672,Obese
18.0,Male,1.738860833822666,80.5,26.623566260073122,Overweight
36.0,Male,1.76,69.0,22.275309917355372,Normal
20.0,Male,1.52,43.5,18.827908587257618,Normal
55.0,Male,1.62,54.2,20.652339582380733,Normal
34.0,Male,1.77,59.8,19.087746177662865,Normal
18.0,Female,1.75,52.2,17.044897959183675,Underweight
40.0,Male,1.84,45.4,13.409735349716446,Underweight
28.0,Female,1.68,62.1,22.002551020408166,Normal
26.0,Male,1.57,72.8,29.53466672075946,Overweight
27.0,Female,1.92,73.5,19.938151041666668,Normal
22.0,Male,1.66,78.4,28.451154013644945,Overweight
51.0,Female,1.77,87.1,27.801717258769827,Overweight
45.0,Male,1.67,76.3,27.358456739216177,Overweight
33.0,Female,1.85,75.5,22.059897735573408,Normal
44.0,Female,1.55,49.3,20.520291363163366,Normal
56.0,Female,1.86,92.0,26.59266967279454,Overweight
35.0,Male,1.59,44.0,17.404374826945133,Underweight
46.0,Male,1.76,92.6,29.894111570247933,Overweight
23.0,Male,1.74,83.0,27.414453692693883,Overweight
21.0,Female,1.8,78.5,24.228395061728392,Normal
56.0,Female,1.69,56.2,19.6771821714926,Normal
58.0,Male,1.64,87.4,32.495538370017854,Obese
26.0,Male,1.59,92.2,36.47007634191685,Obese
18.0,Male,1.94,83.1,22.079923477521522,Normal
36.0,Female,1.72,47.1,15.92076798269335,Underweight
18.0,Male,1.7,53.1,18.373702422145332,Underweight
53.0,Female,1.67,76.2,27.322600308365306,Overweight
46.0,Female,1.82,48.4,14.611761864509116,Underweight
24.0,Female,1.92,47.3,12.830946180555555,Underweight
46.0,Male,1.738860833822666,91.8,30.36078736241879,Obese
31.0,Female,1.68,71.4,25.297619047619055,Overweight
24.0,Male,1.88,103.6,29.31190583974649,Overweight
35.0,Female,1.78,81.0,25.5649539199596,Overweight
55.0,Female,1.52,94.9,41.07513850415513,Obese
21.0,Female,1.67,80.0,28.685144680698485,Overweight
29.0,Female,1.77,40.0,12.767723195761114,Underweight
35.0,Male,1.68,69.5,24.624433106575967,Normal
37.0,Male,1.81,48.3,14.743139708800097,Underweight
18.0,Male,1.67,44.8,16.06368102119115,Underweight
54.0,Male,1.78,68.9,21.745991667718723,Normal
44.0,Female,1.77,63.6,20.300679881260173,Normal
27.0,Female,1.72,40.0,13.520822065981614,Underweight
35.0,Female,1.72,66.7,22.545970795024342,Normal
44.0,Male,1.72,47.3,15.988372093023257,Underweight
39.0,Female,1.74,70.3,23.219711983088914,Normal
49.0,Female,1.81,74.7,22.80150178565978,Normal
26.0,Male,1.61,57.8,22.298522433548086,Normal
18.0,Male,1.72,40.0,13.520822065981614,Underweight
33.0,Male,1.53,79.8,34.08945277457388,Obese
47.0,Female,1.77,74.7,23.843723068083882,Normal
40.0,Female,1.84,83.6,24.69281663516068,Normal
38.0,Male,1.51,101.8,44.64716459804394,Obese
25.0,Female,1.738860833822666,56.8,18.78532377108265,Normal
42.0,Female,1.7,86.7,30.000000000000004,Obese
18.0,Male,1.87,40.9,11.69607366524636,Underweight
28.0,Male,1.51,87.3,38.287794394982676,Obese
26.0,Male,1.81,89.2,27.227496108177405,Overweight
23.0,Male,1.81,75.9,23.167790970971584,Normal
30.0,Male,1.76,100.1,32.31534090909091,Obese
18.0,Female,1.85,80.8,23.608473338203066,Normal
58.0,Female,1.72,68.6,23.188209843158464,Normal
46.0,Female,1.96,45.7,11.896084964598085,Underweight
19.0,Female,1.71,55.2,18.877603365137993,Normal
31.0,Female,1.74,91.7,30.28801691108469,Obese
47.0,Male,1.69,78.7,27.555057596022554,Overweight
28.0,Female,1.57,40.0,16.227838857560144,Underweight
22.0,Male,1.87,47.1,13.469072607166346,Underweight
23.0,Male,1.79,85.1,26.55972035829094,Overweight
48.0,Female,1.5,87.9,39.06666666666667,Obese
24.0,Female,1.58,74.2,29.722800833199805,Overweight
33.0,Male,1.8,67.65889929742389,20.882376326365396,Normal
22.0,Male,1.87,49.6,14.183991535359889,Underweight
18.0,Male,1.86,63.9,18.470343392299686,Underweight
43.0,Male,1.8,75.0,23.148148148148145,Normal
54.0,Male,1.75,69.8,22.791836734693877,Normal
42.0,Female,1.64,40.5,15.058001189767998,Underweight
18.0,Female,1.96,43.8,11.401499375260308,Underweight
24.0,Female,1.63,45.7,17.200496819601796,Underweight
43.0,Male,1.73,40.0,13.364963747535834,Underweight
25.0,Male,1.69,40.8,14.28521410314765,Underweight
59.0,Male,1.51,82.0,35.963334941449936,Obese
29.0,Female,1.92,60.9,16.520182291666668,Underweight
27.0,Male,1.68,55.0,19.48696145124717,Normal
23.0,Female,1.62,59.0,22.481329065691202,Normal
34.0,Female,2.0,80.0,20.0,Normal
24.0,Male,1.65,44.3,16.271808999081728,Underweight
24.0,Male,1.74,63.6,21.00673801030519,Normal
29.0,Female,1.89,50.2,14.053357968701885,Underweight
58.0,Male,1.67,43.6,15.633403850980674,Underweight
38.0,Male,1.72,60.5,20.45024337479719,Normal
34.0,Male,1.79,92.4,28.83805124683999,Overweight
39.0,Female,1.86,76.7,22.170193085905883,Normal
38.0,Male,1.7,67.65889929742389,23.411383839939063,Normal
18.0,Male,1.88,71.9,20.34291534631055,Normal
25.0,Female,1.84,59.2,17.485822306238184,Underweight
27.0,Male,1.89,57.4,16.068979031941996,Underweight
33.0,Male,1.75,69.5,22.693877551020407,Normal
23.0,Male,1.96,47.4,12.338608912952937,Underweight
33.0,Male,1.75,76.5,24.979591836734695,Overweight
18.0,Female,1.68,53.5,18.955498866213155,Normal
25.0,Female,1.72,83.1,28.0895078420768,Overweight
47.0,Female,1.93,70.4,18.899836237214423,Normal
39.0,Female,1.94,50.3,13.36486342863216,Underweight
28.0,Female,1.68,65.3,23.136337868480727,Normal
20.0,Male,1.85,66.2,19.342585829072316,Normal
19.0,Female,1.84,51.4,15.181947069943288,Underweight
58.0,Female,1.52,78.3,33.89023545706371,Obese
31.0,Female,1.56,79.4,32.626561472715316,Obese
25.0,Male,1.78,72.5,22.88221184193915,Normal
21.0,Male,1.77,92.1,29.397682658239965,Overweight
55.0,Female,1.55,72.6,30.21852237252861,Obese
40.0,Male,1.68,76.7,27.175453514739235,Overweight
39.0,Male,1.73,91.0,30.405292525644022,Obese
26.0,Female,1.58,78.3,31.365165838807876,Obese
26.0,Female,1.64,54.2,20.151695419393224,Normal
42.0,Male,1.85,108.5,31.70197224251278,Obese
18.0,Male,1.62,83.2,31.70248437738149,Obese
19.0,Female,1.6,64.8,25.312499999999993,Overweight
25.0,Female,1.58,45.5,18.226245793943274,Underweight
42.0,Female,1.89,59.0,16.516894823773132,Underweight
43.0,Female,1.73,89.2,29.80386915700491,Overweight
47.0,Female,1.67,108.3,38.83251461149557,Obese
30.0,Male,1.62,87.9,33.493369913123,Obese
48.0,Female,1.94,45.9,12.195770007439686,Underweight
18.0,Male,1.75,107.0,34.93877551020408,Obese
39.0,Male,1.84,40.7,12.021502835538753,Underweight
18.0,Male,1.6,65.3,25.507812499999993,Overweight
50.0,Female,2.0,88.5,22.125,Normal
27.0,Female,1.67,62.5,22.410269281795692,Normal
43.0,Female,1.73,79.0,26.395803401383272,Overweight
27.0,Female,1.85,40.0,11.68736303871439,Underweight
19.0,Male,1.6,51.8,20.234374999999996,Normal
38.0,Female,1.58,89.3,35.77151097580515,Obese
33.0,Male,1.75,40.0,13.061224489795919,Underweight
50.0,Female,1.62,102.6,39.094650205761305,Obese
18.0,Male,1.62,69.2,26.367931717725952,Overweight
19.0,Male,1.67,75.3,26.999892430707447,Overweight
45.0,Male,1.51,45.9,20.130696022104292,Normal
59.0,Male,1.57,66.9,27.141060489269343,Overweight
42.0,Female,1.69,50.3,17.61142817128252,Underweight
32.0,Male,1.77,68.7,21.928564588719716,Normal
37.0,Male,1.5,44.2,19.644444444444446,Normal
18.0,Female,1.79,46.0,14.356605599076184,Underweight
18.0,Male,1.76,74.8,24.147727272727273,Normal
54.0,Male,1.62,46.3,17.642127724432246,Underweight
24.0,Male,1.9,87.1,24.127423822714682,Normal
43.0,Female,1.89,40.0,11.197894795778394,Underweight
18.0,Female,1.71,49.3,16.859888512704764,Underweight
18.0,Female,1.81,67.9,20.72586306889289,Normal
33.0,Male,1.82,49.7,15.00422654268808,Underweight
49.0,Male,1.75,88.4,28.86530612244898,Overweight
48.0,Male,1.738860833822666,45.8,15.147320928091291,Underweight
19.0,Male,1.82,129.9,39.21627822726724,Obese
35.0,Male,1.79,40.3,12.577634905277613,Underweight
34.0,Male,1.78,72.1,22.755965155914655,Normal
50.0,Female,1.54,103.8,43.76792039129702,Obese
18.0,Male,1.97,41.0,10.56455976706434,Underweight
36.0,Female,1.73,85.1,28.433960372882485,Overweight
18.0,Male,1.64,81.0,30.116002379535995,Obese
47.0,Female,1.87,74.1,21.190197031656606,Normal
45.0,Female,1.71,47.9,16.381108717212136,Underweight
25.0,Male,1.75,113.3,36.99591836734694,Obese
23.0,Male,1.83,56.8,16.960793096240554,Underweight
23.0,Female,1.9,78.2,21.662049861495845,Normal
25.0,Male,1.68,40.0,14.172335600907031,Underweight
59.0,Male,1.78,40.0,12.624668602449185,Underweight
23.0,Female,1.73,69.2,23.121387283236995,Normal
48.0,Female,1.58,91.3,36.57266463707739,Obese
46.0,Male,1.88,68.2,19.296061566319604,Normal
18.0,Female,1.86,45.1,13.036189154815585,Underweight
20.0,Male,1.65,70.5,25.895316804407717,Overweight
18.0,Female,1.68,54.2,19.20351473922903,Normal
18.0,Female,1.86,83.6,24.16464331136547,Normal
37.0,Female,1.6,58.0,22.656249999999996,Normal
27.0,Female,1.738860833822666,45.6,15.081175421855086,Underweight
52.0,Female,1.91,40.0,10.964611715687619,Underweight
30.0,Female,1.62,40.0,15.241579027587255,Underweight
23.0,Female,1.5,83.5,37.111111111111114,Obese
22.0,Female,1.8,81.9,25.27777777777778,Overweight
40.0,Male,1.74,45.2,14.929316950720043,Underweight
49.0,Male,1.62,60.2,22.93857643651882,Normal
28.0,Male,1.61,69.3,26.73507966513637,Overweight
33.0,Female,1.79,40.0,12.484004868761899,Underweight
48.0,Male,2.0,87.3,21.825,Normal
49.0,Male,1.77,40.0,12.767723195761114,Underweight
26.0,Female,2.0,55.4,13.85,Underweight
18.0,Male,1.73,50.9,17.006916368739347,Underweight
55.0,Female,1.53,59.9,25.588448887180142,Overweight
44.0,Male,1.97,66.8,17.212502254631655,Underweight
50.0,Male,1.65,97.0,35.62901744719927,Obese
37.0,Male,1.63,75.8,28.52948925439422,Overweight
21.0,Female,1.5,51.6,22.933333333333334,Normal
27.0,Female,1.88,55.4,15.674513354459032,Underweight
23.0,Male,1.51,72.9,31.972281917459764,Obese
30.0,Female,1.91,80.2,21.984046489953677,Normal
34.503199534613145,Male,1.73,97.2,32.47686190651208,Obese
45.0,Male,1.67,121.2,43.4579941912582,Obese
36.0,Female,1.93,100.2,26.900051008080755,Overweight
54.0,Male,1.55,56.4,23.475546305931317,Normal
45.0,Male,1.71,84.1,28.760986286378717,Overweight
51.0,Male,1.92,52.0,14.105902777777779,Underweight
25.0,Male,1.7,70.7,24.463667820069208,Normal
52.0,Female,1.8,50.8,15.679012345679011,Underweight
42.0,Female,1.63,77.0,28.981143437841094,Overweight
31.0,Female,1.69,50.1,17.541402611953366,Underweight
45.0,Female,1.93,99.3,26.658433783457273,Overweight
18.0,Male,1.88,89.2,25.237664101403354,Overweight
18.0,Female,1.96,70.8,18.42982090795502,Underweight
50.0,Male,1.74,59.1,19.520412207689258,Normal
46.0,Female,1.76,67.5,21.791064049586776,Normal
46.0,Male,1.71,91.4,31.257480934304578,Obese
27.0,Female,1.69,41.4,14.495290781135116,Underweight
24.0,Female,1.59,80.0,31.644317867172973,Obese
24.0,Male,1.57,95.5,38.743965272424845,Obese
18.0,Male,1.76,66.9,21.59736570247934,Normal
18.0,Male,1.5,82.8,36.8,Obese
26.0,Male,1.64,79.7,29.63265913146937,Overweight
18.0,Female,1.79,80.4,25.092849786211417,Overweight
33.0,Female,1.51,71.8,31.48984693653787,Obese
35.0,Male,1.57,73.4,29.778084303622865,Overweight
54.0,Female,1.62,45.8,17.451607986587405,Underweight
44.0,Female,1.65,106.8,39.22865013774105,Obese
19.0,Male,1.7,59.8,20.69204152249135,Normal
45.0,Female,1.5,88.4,39.28888888888889,Obese
44.0,Male,1.65,52.5,19.283746556473833,Normal
58.0,Male,1.76,56.5,18.239927685950413,Underweight
18.0,Male,1.74,49.9,16.481701677896684,Underweight
18.0,Female,1.64,76.1,28.294170136823322,Overweight
18.0,Female,1.74,40.0,13.21178491214163,Underweight
18.0,Male,1.7,91.1,31.52249134948097,Obese
28.0,Female,1.9,67.1,18.587257617728532,Normal
18.0,Female,1.69,53.9,18.871888239207312,Normal
34.0,Female,1.65,79.3,29.12764003673095,Overweight
18.0,Female,1.88,40.0,11.317338162064283,Underweight
35.0,Male,1.74,75.7,25.003302946228036,Overweight
29.0,Male,1.79,82.5,25.748260041821418,Overweight
19.0,Male,1.84,40.0,11.814744801512287,Underweight
20.0,Female,1.59,73.0,28.875440053795337,Overweight
23.0,Female,1.97,56.5,14.558478703393543,Underweight
33.0,Male,1.61,78.7,30.361482967478103,Obese
27.0,Male,1.58,75.4,30.203493029963145,Obese
48.0,Male,1.78,59.6,18.810756217649285,Normal
29.0,Female,1.84,57.2,16.895085066162572,Underweight
39.0,Female,1.63,74.3,27.96492152508563,Overweight
46.0,Male,1.82,64.4,19.44209636517329,Normal
42.0,Male,1.738860833822666,67.65889929742389,22.3766607270631,Normal
54.0,Male,1.92,63.8,17.30685763888889,Underweight
21.0,Female,1.87,45.1,12.897137464611511,Underweight
27.0,Male,1.86,63.7,18.41253324083709,Underweight
30.0,Female,1.81,67.65889929742389,20.652269252288967,Normal
20.0,Male,1.66,57.1,20.72143997677457,Normal
43.0,Male,1.79,68.8,21.472488374270466,Normal
26.0,Female,1.69,62.9,22.023038409019293,Normal
55.0,Female,1.6,98.6,38.51562499999999,Obese
25.0,Female,2.0,102.8,25.7,Overweight
36.0,Male,1.59,45.8,18.116371978956526,Underweight
53.0,Female,1.66,47.5,17.237625199593555,Underweight
52.0,Male,1.87,88.0,25.165146272412706,Overweight
43.0,Male,1.66,76.3,27.689069531136596,Overweight
31.0,Female,1.7,85.9,29.723183391003467,Overweight
28.0,Male,1.77,93.7,29.90839158607041,Obese
26.0,Male,1.79,83.6,26.091570175712366,Overweight
38.0,Male,2.0,101.4,25.35,Overweight
40.0,Male,1.51,79.9,35.042322705144514,Obese
45.0,Female,1.82,70.2,21.19309262166405,Normal
40.0,Female,1.7,44.2,15.294117647058826,Underweight
49.0,Male,1.78,90.6,28.594874384547403,Overweight
40.0,Female,1.54,56.8,23.950075898127846,Normal
51.0,Female,1.5,48.7,21.644444444444446,Normal
41.0,Female,1.66,72.3,26.237480040644506,Overweight
43.0,Female,1.78,68.0,21.461936624163616,Normal
44.0,Male,1.81,46.7,14.254754128384361,Underweight
30.0,Male,1.87,59.4,16.986473733878576,Underweight
18.0,Female,1.7,75.9,26.262975778546718,Overweight
47.0,Female,1.73,45.1,15.068996625346653,Underweight
25.0,Female,1.51,64.6,28.33209069777641,Overweight
18.0,Female,1.6,68.7,26.835937499999996,Overweight
45.0,Female,1.74,61.1,20.18100145329634,Normal
47.0,Female,1.71,70.1,23.973188331452413,Normal
28.0,Male,1.81,50.3,15.35362168431977,Underweight
18.0,Female,1.62,66.8,25.453436976070716,Overweight
28.0,Male,1.7,59.9,20.72664359861592,Normal
41.0,Male,1.68,52.8,18.70748299319728,Normal
51.0,Female,1.73,62.7,20.94958067426242,Normal
34.0,Male,1.84,76.4,22.56616257088847,Normal
52.0,Male,1.93,54.7,14.684957985449275,Underweight
18.0,Female,1.72,49.0,16.563007030827475,Underweight
30.0,Male,1.59,46.3,18.314148965626355,Underweight
35.0,Female,1.7,68.2,23.59861591695502,Normal
36.0,Female,1.67,85.1,30.513822654093012,Obese
34.503199534613145,Female,2.0,59.8,14.95,Underweight
56.0,Female,1.74,63.7,21.039767472585545,Normal
34.0,Male,1.68,40.0,14.172335600907031,Underweight
56.0,Male,1.78,64.7,20.42040146446156,Normal
28.0,Male,1.73,56.5,18.878011293394366,Normal
18.0,Male,1.74,56.9,18.79376403752147,Normal
18.0,Male,1.68,115.8,41.02891156462586,Obese
45.0,Male,1.76,46.0,14.850206611570249,Underweight
47.0,Female,1.91,46.9,12.856007236643732,Underweight
49.0,Male,1.62,110.8,42.21917390641669,Obese
19.0,Male,1.75,97.4,31.804081632653062,Obese
42.0,Male,1.71,117.7,40.251701378201844,Obese
18.0,Female,1.83,100.3,29.95013287945295,Obese
28.0,Male,1.66,51.1,18.544055741036438,Normal
18.0,Male,1.64,79.0,29.372397382510414,Overweight
44.0,Female,1.57,65.0,26.370238143535232,Overweight
24.0,Male,1.71,86.3,29.513354536438566,Overweight
39.0,Male,1.68,43.3,15.34155328798186,Underweight
18.0,Male,2.0,50.6,12.65,Underweight
52.0,Male,1.71,40.0,13.679422728360864,Underweight
18.0,Female,1.76,59.9,19.33755165289256,Normal
56.0,Female,2.0,59.1,14.775,Underweight
59.0,Female,1.65,72.8,26.740128558310378,Overweight
29.0,Female,1.77,65.0,20.747550193111813,Normal
18.0,Female,1.85,74.2,21.68005843681519,Normal
46.0,Female,1.79,61.2,19.100527449205707,Normal
27.0,Female,1.9,63.3,17.534626038781163,Underweight
40.0,Female,1.86,95.3,27.546537171927387,Overweight
35.0,Male,1.75,124.8,40.751020408163264,Obese
18.0,Male,1.97,75.4,19.428483083820765,Normal
46.0,Male,1.91,49.8,13.650941586031085,Underweight
18.0,Male,1.67,61.0,21.872422819032593,Normal
47.0,Male,1.67,100.2,35.92814371257485,Obese
33.0,Female,1.69,73.0,25.55932915514163,Overweight
30.0,Male,1.72,88.2,29.813412655489458,Overweight
34.0,Female,1.81,61.7,18.833368944781906,Normal
30.0,Male,1.79,120.0,37.452014606285694,Obese
30.0,Male,1.73,45.4,15.169233853453171,Underweight
30.0,Male,1.87,40.0,11.438702851096684,Underweight
22.0,Male,1.62,129.9,49.49702789208961,Obese
53.0,Female,2.0,71.9,17.975,Underweight
44.0,Female,1.5,115.6,51.37777777777777,Obese
26.0,Female,1.61,64.7,24.960456772501058,Overweight
52.0,Male,1.71,58.2,19.90356006976506,Normal
49.0,Male,1.81,53.8,16.4219651414792,Underweight
26.0,Female,1.77,63.6,20.300679881260173,Normal
23.0,Male,1.68,62.3,22.0734126984127,Normal
26.0,Male,1.61,55.9,21.56552602137263,Normal
41.0,Female,1.57,65.7,26.654225323542537,Overweight
59.0,Female,1.78,65.5,20.67289483651054,Normal
39.0,Female,1.738860833822666,90.5,29.930841571883448,Obese
28.0,Female,1.81,40.0,12.209639510393455,Underweight
48.0,Male,1.67,40.0,14.342572340349243,Underweight
54.0,Female,1.79,76.8,23.969289348022844,Normal
26.0,Female,1.59,92.4,36.549187136584784,Obese
28.0,Male,1.64,88.5,32.90452111838192,Obese
52.0,Female,1.73,54.3,18.142938287279893,Underweight
23.0,Male,1.56,71.2,29.25706771860618,Overweight
26.0,Female,1.68,64.1,22.711167800453516,Normal
18.0,Female,1.75,45.3,14.791836734693877,Underweight
21.0,Female,1.72,76.0,25.689561925365066,Overweight
41.0,Female,1.69,40.0,14.00511186583103,Underweight
30.0,Male,1.78,129.9,40.99861128645373,Obese
27.0,Female,1.73,62.9,21.0164054930001,Normal
28.0,Male,1.99,69.3,17.499558091967373,Underweight
38.0,Male,1.81,60.6,18.497603858246087,Underweight
59.0,Female,1.65,40.0,14.692378328741967,Underweight
33.0,Female,2.0,56.6,14.15,Underweight
27.0,Female,1.96,75.2,19.575177009579345,Normal
46.0,Female,1.55,78.4,32.632674297606656,Obese
25.0,Male,1.82,42.2,12.74000724550175,Underweight
29.0,Female,1.7,57.0,19.723183391003463,Normal
32.0,Female,1.89,40.0,11.197894795778394,Underweight
49.0,Male,1.96,128.5,33.44960433152853,Obese
28.0,Female,1.8,45.0,13.888888888888888,Underweight
18.0,Female,1.81,78.5,23.961417539147156,Normal
50.0,Female,1.91,49.4,13.541295468874209,Underweight
27.0,Female,1.66,50.3,18.253737842938015,Underweight
40.0,Female,1.88,61.0,17.25894069714803,Underweight
59.0,Male,1.79,79.3,24.749539652320465,Normal
57.0,Female,1.62,40.0,15.241579027587255,Underweight
18.0,Male,1.69,50.0,17.506389832288786,Underweight
18.0,Male,1.95,48.6,12.781065088757398,Underweight
26.0,Male,1.63,91.3,34.363355790583014,Obese
50.0,Female,1.65,102.2,37.53902662993573,Obese
48.0,Female,1.75,40.0,13.061224489795919,Underweight
41.0,Female,1.63,69.6,26.1959426399187,Overweight
23.0,Female,1.75,56.8,18.546938775510203,Normal
50.0,Female,1.7,99.4,34.39446366782008,Obese
18.0,Male,1.83,51.4,15.34832333004867,Underweight
22.0,Male,1.8,96.9,29.90740740740741,Obese
26.0,Female,1.7,64.3,22.249134948096888,Normal
42.0,Female,1.72,40.0,13.520822065981614,Underweight
37.0,Male,1.92,40.0,10.850694444444445,Underweight
30.0,Female,1.71,85.4,29.205567525050448,Overweight
33.0,Female,1.58,72.9,29.202050953372854,Overweight
25.0,Female,1.84,48.8,14.413988657844989,Underweight
18.0,Male,1.74,54.9,18.133174791914385,Underweight
38.0,Male,1.7,53.6,18.54671280276817,Normal
47.0,Male,1.76,77.9,25.148502066115704,Overweight
35.0,Male,1.73,68.5,22.887500417655115,Normal
32.0,Female,1.73,113.1,37.78943499615757,Obese
27.0,Female,1.75,53.7,17.53469387755102,Underweight
25.0,Male,1.77,61.3,19.566535797503906,Normal
38.0,Male,1.67,41.1,14.736993079708846,Underweight
36.0,Male,1.63,78.2,29.43279762128797,Overweight
35.0,Male,1.69,94.6,33.122089562690384,Obese
28.0,Female,1.73,68.8,22.987737645761634,Normal
27.0,Female,1.71,43.4,14.842173660271538,Underweight
37.0,Female,1.81,40.0,12.209639510393455,Underweight
40.0,Female,1.74,40.0,13.21178491214163,Underweight
24.0,Male,1.87,70.3,20.10352026080242,Normal
18.0,Male,1.67,64.7,23.1991107605149,Normal
59.0,Male,1.62,61.0,23.243408017070564,Normal
37.0,Female,1.61,44.2,17.051811272713245,Underweight
18.0,Male,1.76,77.8,25.116219008264462,Overweight
53.0,Male,1.71,53.5,18.296227899182657,Underweight
44.0,Male,1.62,63.7,24.272214601432704,Normal
28.0,Female,1.82,64.1,19.351527593285834,Normal
34.503199534613145,Female,1.67,54.5,19.54175481372584,Normal
30.0,Female,1.93,40.0,10.738543316599104,Underweight
25.0,Female,1.73,68.8,22.987737645761634,Normal
53.0,Female,1.6,68.9,26.914062499999996,Overweight
25.0,Male,1.76,100.4,32.41219008264463,Obese
58.0,Female,1.65,105.7,38.82460973370065,Obese
18.0,Female,1.58,61.9,24.795705816375577,Normal
50.0,Female,1.72,60.4,20.416441319632234,Normal
23.0,Male,1.58,56.2,22.512417881749716,Normal
18.0,Female,1.56,42.6,17.504930966469427,Underweight
59.0,Female,1.57,97.4,39.514787618158955,Obese
32.0,Male,1.738860833822666,58.7,19.413706080326612,Normal
21.0,Male,2.0,46.4,11.6,Underweight
32.0,Male,1.66,57.4,20.830309188561476,Normal
38.0,Male,1.75,87.9,28.702040816326534,Overweight
40.0,Male,1.64,87.8,32.64425936942297,Obese
52.0,Female,1.91,62.4,17.104794276472685,Underweight
20.0,Female,1.81,65.7,20.05433289582125,Normal
23.0,Female,2.0,51.4,12.85,Underweight
34.0,Female,2.0,75.2,18.8,Normal
34.0,Male,1.81,77.7,23.717224748939287,Normal
23.0,Female,1.89,40.0,11.197894795778394,Underweight
43.0,Female,1.68,80.5,28.521825396825403,Overweight
18.0,Male,1.78,40.0,12.624668602449185,Underweight
28.0,Female,1.58,109.4,43.82310527159109,Obese
57.0,Female,1.58,40.0,16.023073225444637,Underweight
18.0,Male,1.8,40.0,12.345679012345679,Underweight
44.0,Female,1.73,79.5,26.56286544822747,Overweight
21.0,Female,1.61,68.5,26.42644959685197,Overweight
44.0,Female,1.88,87.5,24.75667722951562,Normal
56.0,Male,1.76,54.5,17.59426652892562,Underweight
33.0,Female,1.6,55.4,21.640624999999996,Normal
32.0,Male,1.53,85.7,36.609850912042376,Obese
34.0,Female,1.7,58.2,20.138408304498274,Normal
30.0,Male,1.91,72.5,19.87335873468381,Normal
20.0,Male,1.68,90.3,31.994047619047624,Obese
42.0,Female,1.76,95.2,30.733471074380166,Obese
26.0,Male,1.91,75.0,20.558646966914285,Normal
26.0,Male,1.51,61.5,26.97250120608745,Overweight
28.0,Female,1.5,101.9,45.28888888888889,Obese
54.0,Female,1.6,41.4,16.171874999999996,Underweight
18.0,Male,1.78,71.3,22.50347178386567,Normal
42.0,Male,1.72,46.2,15.616549486208765,Underweight
24.0,Male,1.83,64.0,19.1107527844964,Normal
54.0,Male,1.75,47.2,15.412244897959184,Underweight
53.0,Male,1.52,95.5,41.33483379501385,Obese
33.0,Female,1.79,40.0,12.484004868761899,Underweight
52.0,Female,1.74,81.1,26.78689390936715,Overweight
51.0,Female,1.738860833822666,72.1,23.845454998152448,Normal
47.0,Male,1.56,100.5,41.29684418145956,Obese
55.0,Female,1.89,129.9,36.365163349290334,Obese
28.0,Male,1.85,75.7,22.11833455076698,Normal
18.0,Female,1.66,69.0,25.039918710988534,Overweight
19.0,Male,1.73,72.5,24.2239967924087,Normal
40.0,Female,1.5,68.2,30.311111111111114,Obese
49.0,Female,1.63,105.0,39.51974105160149,Obese
57.0,Female,1.88,129.9,36.75305568130376,Obese
27.0,Female,1.59,61.1,24.16834777105336,Normal
27.0,Male,1.81,67.65889929742389,20.652269252288967,Normal
50.0,Male,1.67,62.5,22.410269281795692,Normal
59.0,Male,1.71,62.4,21.339899456242946,Normal
26.0,Male,1.68,72.4,25.651927437641728,Overweight
55.0,Female,1.82,93.1,28.106508875739642,Overweight
48.0,Female,1.71,122.3,41.82483499196334,Obese
29.0,Female,1.85,70.8,20.686632578524467,Normal
52.0,Male,1.6,51.5,20.117187499999996,Normal
18.0,Female,1.61,57.1,22.028471123799235,Normal
36.0,Female,1.97,64.4,16.594088999974232,Underweight
52.0,Male,1.72,63.0,21.29529475392104,Normal
29.0,Male,1.89,77.2,21.6119369558523,Normal
18.0,Female,1.66,40.0,14.51589490492089,Underweight
30.0,Female,2.0,76.3,19.075,Normal
29.0,Female,1.8,71.2,21.975308641975307,Normal
55.0,Male,1.56,104.9,43.104865220249835,Obese
34.0,Female,1.53,102.1,43.6157033619548,Obese
31.0,Female,1.57,63.6,25.80226378352063,Overweight
26.0,Male,1.7,68.6,23.73702422145329,Normal
33.0,Male,1.71,46.0,15.731336137614994,Underweight
39.0,Female,1.8,88.6,27.345679012345677,Overweight
36.0,Male,1.75,79.7,26.024489795918367,Overweight
33.0,Female,1.75,108.7,35.49387755102041,Obese
45.0,Female,1.76,61.4,19.821797520661157,Normal
21.0,Female,1.87,69.2,19.788955932397265,Normal
52.0,Male,1.72,67.4,22.78258518117902,Normal
29.0,Female,1.64,40.0,14.872099940511603,Underweight
47.0,Female,1.58,46.0,18.426534209261334,Underweight
34.0,Male,1.78,89.1,28.12144931195556,Overweight
57.0,Male,1.72,70.4,23.796646836127643,Normal
24.0,Male,1.84,65.7,19.405718336483933,Normal
26.0,Male,1.69,82.2,28.780504884282767,Overweight
54.0,Male,1.91,128.7,35.27863819522491,Obese
18.0,Female,1.64,67.65889929742389,25.155747805407458,Overweight
18.0,Female,1.76,110.3,35.608212809917354,Obese
54.0,Male,1.72,42.7,14.433477555435372,Underweight
35.0,Female,1.59,98.0,38.764289387286894,Obese
37.0,Female,1.84,94.5,27.912334593572776,Overweight
30.0,Female,1.66,57.6,20.90288866308608,Normal
31.0,Male,1.74,40.0,13.21178491214163,Underweight
28.0,Male,1.69,40.3,14.110150204824762,Underweight
53.0,Male,1.66,60.8,22.064160255479752,Normal
56.0,Male,1.77,72.0,22.981901752370007,Normal
44.0,Male,1.75,94.4,30.824489795918367,Obese
38.0,Male,1.84,71.0,20.97117202268431,Normal
34.0,Female,1.87,77.9,22.276873802510792,Normal
48.0,Male,1.63,52.6,19.79750837442132,Normal
48.0,Female,1.67,62.9,22.55369500519918,Normal
33.0,Male,1.6,59.6,23.281249999999996,Normal
46.0,Female,1.5,50.0,22.22222222222222,Normal
32.0,Female,1.83,104.3,31.144554928483974,Obese
36.0,Female,1.93,61.2,16.429971274396628,Underweight
36.0,Female,1.66,82.5,29.939033241399333,Obese
57.0,Female,1.73,58.3,19.479434662033476,Normal
45.0,Male,1.95,61.6,16.199868507560815,Underweight
44.0,Male,1.7,64.2,22.21453287197232,Normal
31.0,Male,1.83,53.0,15.826092149661081,Underweight
50.0,Female,1.9,69.6,19.2797783933518,Normal
38.0,Female,1.92,81.1,21.99978298611111,Normal
49.0,Female,1.77,65.7,20.970985349037633,Normal
21.0,Male,1.83,81.8,24.42593090268446,Normal
28.0,Female,1.77,91.2,29.110408886335343,Overweight
52.0,Female,1.96,98.5,25.640358184089965,Overweight
22.0,Male,1.6,88.9,34.72656249999999,Obese
43.0,Male,1.72,88.5,29.91481882098432,Obese
46.0,Male,1.7,85.9,29.723183391003467,Overweight
18.0,Male,1.86,56.5,16.331367788183602,Underweight
43.0,Female,1.97,65.2,16.800226751526708,Underweight
18.0,Male,1.54,71.9,30.31708551189071,Obese
44.0,Male,1.72,66.8,22.579772850189293,Normal
55.0,Female,1.7,46.3,16.02076124567474,Underweight
36.0,Male,1.63,93.2,35.0784749143739,Obese
57.0,Male,1.65,72.4,26.59320477502296,Overweight
41.0,Male,1.81,70.7,21.580537834620433,Normal
52.0,Female,1.75,45.0,14.693877551020408,Underweight
18.0,Female,1.83,74.8,22.335692316880166,Normal
31.0,Female,1.69,61.1,21.392808375056898,Normal
34.0,Female,1.76,44.3,14.301394628099173,Underweight
20.0,Female,1.59,96.2,38.0522922352755,Obese
47.0,Male,1.83,69.7,20.812804204365612,Normal
33.0,Male,1.59,41.9,16.573711482931845,Underweight
47.0,Female,1.67,52.9,18.968051920111872,Normal
58.0,Male,1.57,94.6,38.378838898129736,Obese
47.0,Male,1.67,70.5,25.27878374986554,Overweight
27.0,Female,1.76,40.0,12.913223140495868,Underweight
51.0,Male,1.83,51.6,15.408044432500223,Underweight
18.0,Female,1.59,83.3,32.94964597919385,Obese
20.0,Male,1.84,67.7,19.996455576559548,Normal
43.0,Male,1.78,57.8,18.24264613053907,Underweight
45.0,Male,1.87,59.0,16.872086705367607,Underweight
29.0,Female,1.88,61.5,17.400407424173835,Underweight
18.0,Female,1.75,40.0,13.061224489795919,Underweight
37.0,Male,1.68,79.6,28.202947845804992,Overweight
26.0,Female,1.75,68.6,22.4,Normal
49.0,Female,1.75,77.9,25.436734693877554,Overweight
23.0,Female,1.75,40.9,13.355102040816327,Underweight
18.0,Male,1.77,68.7,21.928564588719716,Normal
23.0,Male,1.61,114.9,44.32699355734732,Obese
47.0,Male,1.77,65.6,20.93906604104823,Normal
20.0,Female,1.69,90.9,31.826616715101018,Obese
40.0,Male,1.89,61.0,17.076789563562052,Underweight
18.0,Male,1.66,66.8,24.241544491217883,Normal
56.0,Male,1.61,42.6,16.43455113614444,Underweight
56.0,Female,1.7,88.8,30.72664359861592,Obese
34.0,Female,1.64,83.2,30.933967876264134,Obese
38.0,Female,1.5,99.1,44.044444444444444,Obese
43.0,Male,1.7,77.8,26.920415224913498,Overweight
18.0,Male,1.85,47.8,13.966398831263694,Underweight
24.0,Male,1.82,40.0,12.075836251660427,Underweight
35.0,Female,1.55,91.0,37.87721123829344,Obese
21.0,Male,1.74,86.3,28.504425947945567,Overweight
26.0,Male,1.82,64.6,19.502475546431587,Normal
40.0,Female,1.7,49.6,17.16262975778547,Underweight
23.0,Female,1.81,59.6,18.19236287048625,Underweight
46.0,Female,1.5,53.7,23.866666666666667,Normal
55.0,Female,1.56,58.9,24.20282708744247,Normal
31.0,Male,1.58,79.4,31.805800352507607,Obese
26.0,Male,1.52,83.1,35.96779778393351,Obese
31.0,Female,1.52,61.7,26.7053324099723,Overweight
27.0,Male,1.7,66.6,23.044982698961938,Normal
45.0,Female,1.84,106.3,31.397684310018903,Obese
23.0,Female,1.58,73.2,29.322224002563686,Overweight
48.0,Female,1.82,69.9,21.1025238497766,Normal
30.0,Female,1.53,62.3,26.613695587167328,Overweight
48.0,Male,1.55,83.0,34.54734651404786,Obese
35.0,Male,1.64,75.4,28.033908387864372,Overweight
30.0,Female,1.84,98.3,29.034735349716446,Overweight
38.0,Female,1.65,46.5,17.079889807162537,Underweight
44.0,Male,1.65,61.6,22.62626262626263,Normal
31.0,Female,1.85,64.0,18.699780861943022,Normal
18.0,Male,1.69,59.1,20.692552781765347,Normal
24.0,Female,1.6,45.1,17.617187499999996,Underweight
18.0,Male,1.68,49.1,17.39654195011338,Underweight
33.0,Male,1.73,85.0,28.40054796351365,Overweight
21.0,Female,1.8,77.9,24.04320987654321,Normal
20.0,Male,1.52,40.0,17.31301939058172,Underweight
59.0,Male,1.67,44.8,16.06368102119115,Underweight
51.0,Female,1.77,66.4,21.194420504963453,Normal
50.0,Male,2.0,40.0,10.0,Underweight
42.0,Male,1.63,96.2,36.207610372991084,Obese
45.0,Female,1.86,54.0,15.608740894901143,Underweight
22.0,Male,1.68,71.1,25.191326530612248,Overweight
47.0,Female,1.55,48.6,20.22892819979188,Normal
34.0,Female,1.97,100.1,25.792986163003427,Overweight
51.0,Female,1.72,53.7,18.151703623580318,Underweight
27.0,Male,1.67,83.5,29.940119760479043,Obese
18.0,Male,1.74,52.4,17.307438234905536,Underweight
48.0,Male,1.61,89.5,34.52798888931754,Obese
25.0,Female,1.64,58.2,21.638905413444384,Normal
51.0,Male,1.74,126.0,41.617122473246134,Obese
58.0,Female,1.62,57.4,21.87166590458771,Normal
32.0,Female,1.59,52.3,20.68747280566433,Normal
55.0,Female,1.84,129.6,38.27977315689981,Obese
33.0,Female,1.8,72.3,22.314814814814813,Normal
28.0,Male,1.55,64.1,26.680541103017685,Overweight
34.0,Male,1.55,66.7,27.7627471383975,Overweight
35.0,Male,1.92,44.9,12.17990451388889,Underweight
36.0,Female,1.69,90.0,31.51150169811982,Obese
27.0,Male,1.76,77.7,25.083935950413224,Overweight
18.0,Male,1.73,100.0,33.41240936883958,Obese
52.0,Male,1.52,83.4,36.097645429362885,Obese
32.0,Female,1.83,46.5,13.885156319985665,Underweight
37.0,Female,1.78,81.1,25.59651559146572,Overweight
31.0,Male,1.86,50.7,14.654873395768297,Underweight
23.0,Female,1.8,55.4,17.098765432098762,Underweight
23.0,Female,1.8,40.0,12.345679012345679,Underweight
25.0,Female,1.87,76.2,21.790728931339185,Normal
52.0,Male,1.75,84.5,27.591836734693878,Overweight
59.0,Male,2.0,40.0,10.0,Underweight
42.0,Female,1.63,55.6,20.926643833038504,Normal
29.0,Male,1.82,73.6,22.219538703055182,Normal
29.0,Female,1.89,50.8,14.22132639063856,Underweight
27.0,Male,1.88,72.5,20.512675418741512,Normal
22.0,Male,1.738860833822666,128.4,42.46541500364459,Obese
41.0,Male,1.84,74.7,22.064035916824196,Normal
21.0,Female,1.69,94.4,33.05206400336123,Obese
52.0,Male,1.87,57.5,16.443135348451484,Underweight
32.0,Male,1.86,51.1,14.770493698693489,Underweight
30.0,Female,1.69,88.8,31.091348342144887,Obese
31.0,Female,1.54,67.65889929742389,28.528798826709348,Overweight
49.0,Female,2.0,80.0,20.0,Normal
23.0,Female,1.78,52.6,16.60143921222068,Underweight
18.0,Male,1.74,57.5,18.991940811203595,Normal
52.0,Female,1.65,45.1,16.565656565656568,Underweight
45.0,Male,1.77,98.7,31.504356985540554,Obese
51.0,Male,1.78,63.0,19.883853048857468,Normal
34.0,Female,1.57,101.5,41.17814110105886,Obese
18.0,Female,1.66,89.8,32.588184061547395,Obese
42.0,Male,1.56,43.5,17.874753451676526,Underweight
28.0,Female,1.75,121.1,39.542857142857144,Obese
18.0,Male,2.0,46.3,11.575,Underweight
35.0,Male,1.71,40.0,13.679422728360864,Underweight
56.0,Female,1.79,64.2,20.036827814362848,Normal
18.0,Female,1.82,56.0,16.9061707523246,Underweight
45.0,Male,1.738860833822666,43.8,14.485865865729226,Underweight
32.0,Female,1.63,90.5,34.06225300161843,Obese
42.0,Female,1.81,40.0,12.209639510393455,Underweight
54.0,Male,1.56,72.6,29.83234714003944,Overweight
18.0,Male,1.58,40.0,16.023073225444637,Underweight
34.0,Female,1.78,89.7,28.3108193409923,Overweight
21.0,Female,1.65,59.7,21.928374655647385,Normal
18.0,Male,1.82,42.0,12.679628064243447,Underweight
18.0,Male,2.0,57.9,14.475,Underweight
18.0,Female,1.8,40.0,12.345679012345679,Underweight
18.0,Female,1.87,70.9,20.275100803568872,Normal
26.0,Male,1.6,44.0,17.187499999999996,Underweight
31.0,Female,1.75,46.9,15.314285714285713,Underweight
49.0,Male,1.79,47.5,14.824755781654755,Underweight
38.0,Male,1.82,69.0,20.830817534114235,Normal
18.0,Female,2.0,59.1,14.775,Underweight
53.0,Female,1.66,40.0,14.51589490492089,Underweight
18.0,Female,1.71,74.6,25.51212338839301,Overweight
35.0,Male,1.55,98.6,41.04058272632673,Obese
29.0,Female,1.61,58.4,22.529994984761387,Normal
35.0,Female,1.81,76.1,23.228839168523546,Normal
38.0,Male,1.66,93.7,34.003483814777184,Obese
42.0,Female,2.0,88.6,22.15,Normal
18.0,Male,1.77,49.9,15.92773468671199,Underweight
42.0,Female,1.6,99.9,39.02343749999999,Obese
26.0,Female,1.78,58.6,18.495139502588057,Underweight
36.0,Male,1.58,57.4,22.993110078513055,Normal
47.0,Male,1.71,48.1,16.44950583085394,Underweight
30.0,Male,1.93,60.1,16.134661333190152,Underweight
23.0,Female,2.0,88.0,22.0,Normal
39.0,Female,1.74,62.5,20.643413925221296,Normal
38.0,Female,2.0,69.4,17.35,Underweight
20.0,Female,1.75,69.3,22.628571428571426,Normal
18.0,Male,1.76,52.6,16.980888429752067,Underweight
39.0,Female,1.7,65.6,22.698961937716263,Normal
45.0,Male,1.738860833822666,71.4,23.613945726325728,Normal
22.0,Male,1.71,80.6,27.56403679764714,Overweight
57.0,Female,2.0,43.5,10.875,Underweight
25.0,Female,1.7,72.6,25.12110726643599,Overweight
18.0,Male,1.76,87.5,28.247675619834713,Overweight
50.0,Male,1.77,46.8,14.938236139040503,Underweight
27.0,Male,1.61,42.5,16.395972377608885,Underweight
43.0,Male,1.96,83.5,21.73573511037068,Normal
18.0,Female,1.77,44.9,14.331769287241851,Underweight
18.0,Male,1.71,63.9,21.85287780855648,Normal
36.0,Female,1.71,67.5,23.08402585410896,Normal
24.0,Female,1.68,59.0,20.904195011337873,Normal
21.0,Male,1.72,90.1,30.45565170362358,Obese
18.0,Male,1.75,48.2,15.738775510204082,Underweight
18.0,Male,1.75,78.1,25.502040816326527,Overweight
31.0,Male,1.83,67.4,20.12601152617277,Normal
27.0,Male,1.56,44.1,18.121301775147927,Underweight
26.0,Male,1.69,65.0,22.758306781975424,Normal
33.0,Female,1.85,95.0,27.757487216946675,Overweight
30.0,Female,1.76,65.3,21.080836776859503,Normal
59.0,Male,1.72,40.0,13.520822065981614,Underweight
46.0,Female,1.74,82.9,27.38142423041353,Overweight
18.0,Male,1.87,59.4,16.986473733878576,Underweight
49.0,Male,1.82,58.2,17.570341746165923,Underweight
37.0,Female,1.58,77.3,30.96458900817176,Obese
22.0,Male,1.67,66.0,23.66524436157625,Normal
29.0,Female,1.76,67.4,21.758780991735538,Normal
31.0,Male,1.7,62.2,21.522491349480973,Normal
27.0,Female,1.73,59.6,19.913795983828393,Normal
35.0,Male,1.72,40.0,13.520822065981614,Underweight
24.0,Male,1.73,41.3,13.799325069330749,Underweight
48.0,Male,1.73,97.0,32.4100370877744,Obese
59.0,Female,1.68,47.2,16.723356009070297,Underweight
49.0,Female,1.79,58.7,18.320277144908086,Underweight
33.0,Male,1.97,65.7,16.929062846247007,Underweight
31.0,Male,1.74,80.2,26.48962874884397,Overweight
40.0,Male,2.0,59.3,14.825,Underweight
28.0,Male,1.74,61.1,20.18100145329634,Normal
57.0,Female,1.55,79.4,33.04890738813736,Obese
55.0,Male,2.0,86.2,21.55,Normal
28.0,Male,1.79,59.3,18.507537217939515,Normal
23.0,Male,1.87,40.0,11.438702851096684,Underweight
30.0,Male,1.63,40.0,15.05513944822914,Underweight
25.0,Female,1.7,61.4,21.245674740484432,Normal
46.0,Female,1.98,80.2,20.457096214671974,Normal
24.0,Female,1.61,89.0,34.33509509663978,Obese
28.0,Male,1.77,58.0,18.513198633853616,Normal
27.0,Male,1.91,53.0,14.528110523286095,Underweight
23.0,Female,1.92,51.2,13.88888888888889,Underweight
26.0,Female,1.9,51.9,14.376731301939058,Underweight
27.0,Female,1.7,56.3,19.48096885813149,Normal
34.503199534613145,Male,1.52,92.4,39.99307479224377,Obese
59.0,Male,1.53,108.3,46.264257336921695,Obese
22.0,Female,1.81,71.5,21.8247306248283,Normal
18.0,Male,1.84,89.4,26.405954631379963,Overweight
32.0,Male,1.55,82.3,34.255983350676374,Obese
35.0,Male,1.54,96.5,40.68982965086861,Obese
44.0,Male,1.91,40.0,10.964611715687619,Underweight
43.0,Male,1.5,65.2,28.977777777777778,Overweight
38.0,Female,1.738860833822666,77.1,25.49909265405761,Overweight
18.0,Male,1.62,53.9,20.538027739673826,Normal
42.0,Male,1.87,67.65889929742389,19.34825110738765,Normal
37.0,Female,1.96,61.3,15.95689296126614,Underweight
37.0,Female,1.5,78.5,34.888888888888886,Obese
41.0,Female,1.78,40.0,12.624668602449185,Underweight
18.0,Male,1.75,49.9,16.293877551020408,Underweight
46.0,Female,1.68,69.9,24.76615646258504,Normal
24.0,Male,1.58,62.5,25.03605191475725,Overweight
22.0,Male,1.67,40.0,14.342572340349243,Underweight
53.0,Female,1.69,46.8,16.385980883022306,Underweight
44.0,Female,1.9,75.2,20.831024930747922,Normal
43.0,Male,1.72,70.1,23.695240670632774,Normal
18.0,Male,1.7,40.0,13.84083044982699,Underweight
59.0,Female,1.6,73.6,28.749999999999993,Overweight
18.0,Male,1.65,40.0,14.692378328741967,Underweight
43.0,Male,1.64,72.6,26.99286139202856,Overweight
36.0,Male,1.81,87.6,26.739110527761667,Overweight
26.0,Female,1.94,110.3,29.30704644489319,Overweight
34.503199534613145,Female,1.68,79.0,27.99036281179139,Overweight
40.0,Male,1.73,40.0,13.364963747535834,Underweight
18.0,Male,1.62,123.8,47.17268709038255,Obese
59.0,Female,1.84,40.0,11.814744801512287,Underweight
38.0,Male,1.71,41.4,14.158202523853495,Underweight
33.0,Female,1.76,60.5,19.53125,Normal
45.0,Female,1.69,40.0,14.00511186583103,Underweight
44.0,Female,1.71,52.8,18.05683800143634,Underweight
39.0,Female,1.85,69.9,20.423666910153397,Normal
25.0,Female,1.76,51.0,16.464359504132233,Underweight
50.0,Female,1.91,92.6,25.383076121816835,Overweight
21.0,Female,1.53,52.7,22.512708787218592,Normal
49.0,Male,1.75,40.0,13.061224489795919,Underweight
20.0,Male,1.78,40.0,12.624668602449185,Underweight
50.0,Male,1.92,40.0,10.850694444444445,Underweight
52.0,Female,1.59,81.7,32.3167596218504,Obese
41.0,Male,1.93,65.9,17.691750114097026,Underweight
22.0,Male,1.88,55.0,15.56133997283839,Underweight
31.0,Female,1.7,67.9,23.49480968858132,Normal
32.0,Female,1.6,86.0,33.59374999999999,Obese
29.0,Female,1.83,60.6,18.09549404282003,Underweight
34.0,Male,1.69,47.8,16.73610867966808,Underweight
19.0,Male,1.77,79.4,25.343930543585817,Overweight
33.0,Female,1.72,62.4,21.092482422931315,Normal
47.0,Male,1.83,71.3,21.29057302397802,Normal
37.0,Male,1.65,116.2,42.68135904499542,Obese
50.0,Male,1.81,55.8,17.03244711699887,Underweight
49.0,Male,1.79,53.5,16.69735651196904,Underweight
53.0,Female,1.78,55.9,17.642974371922737,Underweight
29.0,Female,1.74,80.7,26.65477606024574,Overweight
46.0,Male,1.88,69.0,19.52240832956089,Normal
34.0,Male,1.8,60.5,18.67283950617284,Normal
51.0,Female,1.88,96.3,27.24649162516976,Overweight
47.0,Male,1.65,48.4,17.77777777777778,Underweight
52.0,Male,1.59,77.8,30.774099125825714,Obese
25.0,Male,1.8,85.5,26.388888888888886,Overweight
30.0,Male,1.79,67.4,21.0355482038638,Normal
36.0,Male,1.66,71.0,25.76571345623458,Overweight
24.0,Female,2.0,50.5,12.625,Underweight
55.0,Male,2.0,94.8,23.7,Normal
34.503199534613145,Female,1.79,73.6,22.97056895852189,Normal
21.0,Male,1.62,47.8,18.21368693796677,Underweight
41.0,Male,1.74,40.0,13.21178491214163,Underweight
51.0,Male,1.78,43.9,13.85557379118798,Underweight
47.0,Male,1.88,59.6,16.86283386147578,Underweight
22.0,Female,1.91,56.1,15.377867931251885,Underweight
18.0,Male,1.93,56.5,15.168192434696234,Underweight
39.0,Male,1.52,83.7,36.22749307479224,Obese
34.0,Female,1.73,79.1,26.429215810752112,Overweight
46.0,Female,1.97,56.7,14.610013141281662,Underweight
22.0,Female,1.84,48.9,14.44352551984877,Underweight
43.0,Female,1.81,47.1,14.376850523488294,Underweight
51.0,Male,1.85,65.1,19.021183345507666,Normal
55.0,Female,1.68,60.6,21.471088435374153,Normal
42.0,Female,1.56,101.0,41.50230111768573,Obese
31.0,Female,1.76,66.4,21.435950413223143,Normal
49.0,Male,2.0,97.1,24.275,Normal
29.0,Male,1.88,73.7,20.85219556360344,Normal
44.0,Male,1.73,86.1,28.76808446657088,Overweight
37.0,Female,1.78,58.7,18.526701174094182,Normal
37.0,Female,1.74,69.1,22.823358435724664,Normal
46.0,Female,1.73,73.0,24.3910588392529,Normal
53.0,Male,1.5,67.3,29.91111111111111,Obese
47.0,Female,1.67,59.2,21.22700706371688,Normal
46.0,Female,1.71,119.6,40.901473957798984,Obese
53.0,Male,1.69,80.1,28.045236511326635,Overweight
42.0,Male,1.65,59.1,21.707988980716255,Normal
36.0,Male,1.75,53.4,17.43673469387755,Underweight
18.0,Male,1.58,98.9,39.61704854991187,Obese
41.0,Female,1.81,112.2,34.24803882665364,Obese
30.0,Male,1.73,101.6,33.947007918741015,Obese
19.0,Female,1.85,74.7,21.82615047479912,Normal
22.0,Male,1.86,68.4,19.771071800208116,Normal
22.0,Female,1.93,86.2,23.14156084727107,Normal
51.0,Male,1.85,98.9,28.89700511322133,Overweight
27.0,Female,2.0,50.6,12.65,Underweight
56.0,Female,2.0,68.1,17.025,Underweight
22.0,Female,1.83,53.0,15.826092149661081,Underweight
28.0,Male,1.68,59.2,20.97505668934241,Normal
35.0,Male,2.0,40.0,10.0,Underweight
48.0,Male,2.0,90.4,22.6,Normal
25.0,Female,1.63,74.6,28.077835070947344,Overweight
24.0,Male,1.71,92.2,31.531069388871792,Obese
35.0,Female,1.74,56.2,18.56255780155899,Normal
18.0,Male,1.66,63.0,22.8625344752504,Normal
50.0,Female,1.82,76.1,22.97427846878396,Normal
52.0,Male,1.56,66.6,27.366863905325438,Overweight
32.0,Female,1.83,45.9,13.70599301263101,Underweight
31.0,Female,1.59,86.4,34.175863296546815,Obese
30.0,Female,1.93,54.9,14.738650702032269,Underweight
21.0,Male,1.7,91.2,31.55709342560554,Obese
46.0,Male,1.91,54.2,14.857048874756725,Underweight
22.0,Female,1.77,60.8,19.406939257556893,Normal
30.0,Male,1.67,46.8,16.780809638208613,Underweight
31.0,Female,1.58,48.1,19.267745553597177,Normal
36.0,Male,1.61,56.5,21.79699857258593,Normal
55.0,Female,1.59,78.4,31.011431509829517,Obese
44.0,Male,1.8,78.2,24.1358024691358,Normal
34.0,Female,1.83,74.2,22.156529009525514,Normal
57.0,Female,1.95,84.0,22.090729783037478,Normal
47.0,Female,1.81,79.2,24.175086230579044,Normal
20.0,Female,1.61,102.9,39.69754253308128,Obese
30.0,Female,1.89,57.8,16.18095797989978,Underweight
37.0,Female,1.73,94.5,31.574726853553408,Obese
54.0,Male,1.7,70.9,24.532871972318343,Normal
54.0,Female,1.81,52.6,16.055675956167395,Underweight
31.0,Female,1.51,50.9,22.32358229902197,Normal
22.0,Female,1.56,69.3,28.47633136094674,Overweight
18.0,Female,1.71,93.3,31.907253513901715,Obese
24.0,Female,1.82,91.2,27.532906653785773,Overweight
45.0,Female,1.59,40.0,15.822158933586486,Underweight
25.0,Male,1.56,40.0,16.43655489809336,Underweight
45.0,Male,1.77,76.6,24.450189919882533,Normal
25.0,Female,1.72,61.1,20.653055705786915,Normal
51.0,Female,1.78,58.8,18.5582628456003,Normal
31.0,Female,1.81,48.4,14.773663807576082,Underweight
28.0,Female,1.62,77.8,29.64487120865721,Overweight
48.0,Male,1.73,119.9,40.06147883323867,Obese
39.0,Female,1.79,84.0,26.216410224399986,Overweight
34.0,Male,1.8,80.7,24.90740740740741,Overweight
24.0,Female,1.67,102.6,36.788698052995805,Obese
51.0,Female,1.64,80.4,29.892920880428324,Overweight
42.0,Female,1.84,57.1,16.865548204158788,Underweight
23.0,Female,1.88,60.5,17.11747397012223,Underweight
18.0,Female,1.99,98.5,24.873109264917552,Normal
23.0,Female,1.74,68.0,22.460034350640772,Normal
18.0,Male,1.82,40.0,12.075836251660427,Underweight
50.0,Male,2.0,41.9,10.475,Underweight
18.0,Male,1.57,60.5,24.544606272059717,Normal
32.0,Male,1.61,40.0,15.43150341422013,Underweight
46.0,Male,1.66,40.7,14.769923065757006,Underweight
18.0,Female,1.7,53.8,18.6159169550173,Normal
46.0,Male,1.82,54.0,16.302378939741576,Underweight
24.0,Male,2.0,105.7,26.425,Overweight
31.0,Male,1.65,87.3,32.066115702479344,Obese
30.0,Female,1.76,57.7,18.62732438016529,Normal
24.0,Male,2.0,72.7,18.175,Underweight
29.0,Female,1.89,81.4,22.787715909409034,Normal
39.0,Male,1.72,81.9,27.683883180097354,Overweight
48.0,Female,1.79,65.1,20.31771792390999,Normal
28.0,Female,1.57,67.8,27.50618686356444,Overweight
25.0,Male,1.61,56.9,21.95131360672813,Normal
53.0,Female,1.6,55.0,21.484374999999996,Normal
50.0,Female,1.57,61.5,24.950302243498722,Overweight
27.0,Male,1.89,64.2,17.972621147224324,Underweight
38.0,Male,1.99,76.7,19.368197772783514,Normal
51.0,Male,1.738860833822666,100.2,33.13889862433946,Obese
54.0,Female,1.57,58.1,23.57093594060611,Normal
33.0,Female,1.62,58.2,22.176497485139457,Normal
30.0,Male,1.738860833822666,80.1,26.491275247600708,Overweight
46.0,Male,1.62,55.1,20.995275110501446,Normal
32.0,Female,1.9,51.2,14.182825484764544,Underweight
43.0,Male,1.95,40.0,10.519395134779751,Underweight
42.0,Male,1.53,45.3,19.351531462258105,Normal
22.0,Female,1.76,54.1,17.465134297520663,Underweight
24.0,Male,1.89,58.8,16.46090534979424,Underweight
27.0,Female,1.8,40.0,12.345679012345679,Underweight
41.0,Male,1.62,53.0,20.195092211553114,Normal
18.0,Female,1.67,83.5,29.940119760479043,Obese
51.0,Female,2.0,58.6,14.65,Underweight
18.0,Female,1.9,40.0,11.0803324099723,Underweight
44.0,Female,1.87,91.2,26.08024250050044,Overweight
31.0,Male,1.62,60.7,23.12909617436366,Normal
36.0,Male,1.5,62.2,27.644444444444446,Overweight
23.0,Female,1.83,62.1,18.543402311206663,Normal
24.0,Male,1.62,79.0,30.102118579484827,Obese
38.0,Male,1.65,58.4,21.45087235996327,Normal
31.0,Female,1.7,75.8,26.228373702422147,Overweight
55.0,Female,1.94,65.5,17.403549792751623,Underweight
52.0,Female,1.62,81.0,30.864197530864192,Obese
24.0,Female,1.84,84.5,24.958648393194707,Overweight
18.0,Male,1.75,48.7,15.902040816326531,Underweight
30.0,Male,1.72,88.3,29.84721471065441,Overweight
53.0,Female,1.55,67.65889929742389,28.161872756471958,Overweight
56.0,Female,1.6,85.2,33.28124999999999,Obese
34.503199534613145,Male,1.81,68.7,20.97005585910076,Normal
40.0,Male,1.66,97.4,35.34620409348237,Obese
33.0,Male,1.86,73.3,21.187420511041736,Normal
33.0,Female,1.73,44.9,15.002171806608974,Underweight
39.0,Male,1.71,59.9,20.484935535720393,Normal
40.0,Male,1.92,43.9,11.908637152777779,Underweight
20.0,Male,1.52,40.0,17.31301939058172,Underweight
26.0,Male,1.99,65.9,16.640993914295095,Underweight
21.0,Female,1.65,59.8,21.96510560146924,Normal
36.0,Female,1.66,77.7,28.197125852808828,Overweight
30.0,Male,1.77,61.6,19.662293721472118,Normal
18.0,Female,1.64,44.2,16.433670434265323,Underweight
22.0,Male,1.85,63.7,18.612125639152666,Normal
45.0,Male,1.55,54.4,22.643080124869925,Normal
43.0,Female,1.65,93.8,34.45362718089991,Obese
18.0,Female,1.55,77.7,32.34131113423517,Obese
18.0,Male,1.74,57.6,19.024970273483948,Normal
20.0,Male,1.74,75.6,24.97027348394768,Overweight
47.0,Male,1.84,85.5,25.254017013232513,Overweight
25.0,Male,1.59,62.4,24.682567936394918,Normal
31.0,Female,1.68,53.5,18.955498866213155,Normal
47.0,Male,1.82,78.8,23.789397415771038,Normal
20.0,Male,1.97,40.0,10.306887577623748,Underweight
56.0,Male,1.66,51.5,18.689214690085645,Normal
24.0,Male,1.74,80.9,26.720834984806448,Overweight
29.0,Female,1.68,85.3,30.222505668934243,Obese
18.0,Female,1.73,47.8,15.971131678305321,Underweight
36.0,Female,1.54,87.9,37.06358576488447,Obese
49.0,Female,1.68,43.6,15.447845804988665,Underweight
40.0,Female,1.6,55.7,21.757812499999996,Normal
20.0,Female,1.87,73.5,21.018616488890157,Normal
31.0,Female,1.65,52.7,19.357208448117543,Normal
47.0,Female,1.7,87.1,30.13840830449827,Obese
48.0,Female,1.9,57.3,15.872576177285318,Underweight
44.0,Male,1.82,94.4,28.49897355391861,Overweight
46.0,Male,1.93,44.9,12.054014872882494,Underweight
55.0,Male,1.74,61.9,20.44523715153917,Normal
24.0,Male,1.7,83.4,28.858131487889278,Overweight
18.0,Female,1.84,83.6,24.69281663516068,Normal
18.0,Male,1.71,87.3,29.855340104647585,Overweight
18.0,Female,1.72,48.6,16.427798810167662,Underweight
18.0,Female,2.0,80.7,20.175,Normal
33.0,Female,1.71,62.6,21.408296569884754,Normal
19.0,Male,1.69,41.9,14.670354679458004,Underweight
58.0,Male,1.84,47.6,14.059546313799622,Underweight
18.0,Female,1.76,129.9,41.93569214876033,Obese
58.0,Female,1.69,73.3,25.664367494135362,Overweight
47.0,Male,1.81,45.4,13.857940844296571,Underweight
47.0,Male,1.65,50.6,18.58585858585859,Normal
56.0,Male,1.92,54.0,14.6484375,Underweight
34.0,Female,1.73,73.1,24.424471248621735,Normal
36.0,Male,1.83,47.2,14.094180178566095,Underweight
21.0,Female,1.738860833822666,48.7,16.106430768516287,Underweight
29.0,Female,1.63,66.1,24.87861793819865,Normal
18.0,Male,1.78,59.0,18.621386188612547,Normal
33.0,Female,1.86,94.2,27.228581338883107,Overweight
38.0,Male,1.86,40.0,11.562030292519365,Underweight
18.0,Female,1.53,73.6,31.440898799606988,Obese
50.0,Male,1.88,69.1,19.55070167496605,Normal
31.0,Female,1.75,60.2,19.65714285714286,Normal
40.0,Male,1.85,73.8,21.563184806428048,Normal
18.0,Male,1.84,72.8,21.50283553875236,Normal
33.0,Female,1.63,40.0,15.05513944822914,Underweight
33.0,Female,1.72,99.6,33.666846944294214,Obese
48.0,Male,1.71,71.5,24.451968126945044,Normal
55.0,Male,1.76,64.4,20.79028925619835,Normal
50.0,Female,1.67,56.4,20.22302699989243,Normal
21.0,Male,1.73,45.2,15.102409034715494,Underweight
49.0,Female,1.5,86.0,38.22222222222222,Obese
33.0,Female,2.0,60.7,15.175,Underweight
42.0,Male,1.86,53.6,15.493120591975948,Underweight
35.0,Female,1.79,64.3,20.068037826534752,Normal
18.0,Male,1.51,78.0,34.209025919915796,Obese
46.0,Male,1.8,50.2,15.493827160493828,Underweight
29.0,Female,1.62,57.0,21.719250114311837,Normal
50.0,Male,1.67,87.6,31.410233425364837,Obese
20.0,Female,1.69,86.0,30.110990511536716,Obese
28.0,Female,1.78,43.3,13.666203762151243,Underweight
18.0,Male,1.78,65.9,20.799141522535034,Normal
18.0,Female,1.51,61.0,26.753212578395683,Overweight
22.0,Male,1.72,71.0,23.99945916711736,Normal
44.0,Male,1.77,56.7,18.09824762999138,Underweight
42.0,Female,1.76,57.3,18.49819214876033,Underweight
26.0,Male,1.68,95.2,33.730158730158735,Obese
38.0,Male,1.71,71.7,24.52036524058685,Normal
49.0,Female,1.66,68.8,24.96733923646393,Overweight
43.0,Female,1.75,69.7,22.759183673469387,Normal
34.0,Female,1.64,102.9,38.258477096966104,Obese
23.0,Female,1.5,90.5,40.22222222222222,Obese
29.0,Female,1.72,40.0,13.520822065981614,Underweight
31.0,Male,1.63,81.9,30.825398020249168,Obese
38.0,Male,1.6,99.6,38.90624999999999,Obese
18.0,Female,1.72,65.7,22.2079502433748,Normal
18.0,Male,1.84,67.65889929742389,19.984315718757053,Normal
41.0,Female,1.66,85.7,31.100304833793007,Obese
29.0,Male,1.74,62.0,20.478266613819528,Normal
45.0,Male,2.0,70.9,17.725,Underweight
49.0,Female,1.55,59.2,24.64099895941727,Normal
29.0,Male,1.8,83.7,25.833333333333332,Overweight
55.0,Female,1.52,53.8,23.286011080332408,Normal
18.0,Female,1.66,68.1,24.71331107562781,Normal
41.0,Female,1.67,105.1,37.68510882426763,Obese
51.0,Male,1.63,58.8,22.131054988896835,Normal
20.0,Male,1.8,52.9,16.327160493827158,Underweight
43.0,Female,1.96,57.1,14.863598500624741,Underweight
23.0,Male,1.8,68.6,21.172839506172835,Normal
39.0,Male,1.77,76.2,24.322512687924924,Normal
47.0,Male,1.58,68.2,27.31933984938311,Overweight
18.0,Male,1.64,40.0,14.872099940511603,Underweight
28.0,Male,1.57,82.4,33.4293480465739,Obese
29.0,Male,1.7,46.8,16.19377162629758,Underweight
21.0,Male,1.71,62.2,21.271502342601146,Normal
33.0,Male,1.65,58.1,21.34067952249771,Normal
34.503199534613145,Female,1.79,82.7,25.810680066165226,Overweight
45.0,Female,1.9,55.2,15.290858725761774,Underweight
18.0,Female,1.69,65.5,22.93337068029831,Normal
22.0,Male,1.66,52.3,18.97953258818406,Normal
37.0,Female,1.66,40.0,14.51589490492089,Underweight
28.0,Female,1.71,93.2,31.873054957080814,Obese
18.0,Female,1.73,53.9,18.009288649804535,Underweight
52.0,Male,1.67,54.9,19.685180537129334,Normal
18.0,Male,1.87,62.7,17.930166719094053,Underweight
57.0,Female,1.71,98.3,33.61718135494682,Obese
40.0,Female,1.92,71.4,19.368489583333336,Normal
33.0,Male,1.58,74.6,29.883031565454246,Overweight
51.0,Male,2.0,47.1,11.775,Underweight
46.0,Female,1.5,49.2,21.866666666666667,Normal
36.0,Male,1.91,80.8,22.14851566568899,Normal
51.0,Male,2.0,80.8,20.2,Normal
59.0,Female,1.6,85.7,33.47656249999999,Obese
18.0,Male,1.64,42.3,15.727245687091019,Underweight
23.0,Female,1.89,41.5,11.617815850620085,Underweight
22.0,Male,1.6,84.3,32.92968749999999,Obese
34.0,Male,1.66,82.4,29.902743504137035,Obese
32.0,Male,1.92,40.6,11.013454861111112,Underweight
46.0,Female,2.0,58.6,14.65,Underweight
20.0,Male,1.81,40.0,12.209639510393455,Underweight
36.0,Female,1.71,80.8,27.632433911288945,Overweight
54.0,Male,2.0,88.5,22.125,Normal
52.0,Male,1.69,84.3,29.515773257238894,Overweight
47.0,Male,1.84,70.1,20.70534026465028,Normal
35.0,Male,1.71,49.3,16.859888512704764,Underweight
40.0,Male,1.92,79.5,21.565755208333332,Normal
